,country_region_code,country_region,sub_region_1,sub_region_2,metro_area,iso_3166_2_code,census_fips_code,place_id,date,retail_and_recreation_percent_change_from_baseline,grocery_and_pharmacy_percent_change_from_baseline,parks_percent_change_from_baseline,transit_stations_percent_change_from_baseline,workplaces_percent_change_from_baseline,residential_percent_change_from_baseline
0,CO,Colombia,,,,,,ChIJo5QVrjqkFY4RQKPy7wSaDZo,2020-02-15,4.0,5.0,-5.0,1.0,7.0,1.0
1,CO,Colombia,,,,,,ChIJo5QVrjqkFY4RQKPy7wSaDZo,2020-02-16,0.0,5.0,-5.0,-1.0,1.0,2.0
2,CO,Colombia,,,,,,ChIJo5QVrjqkFY4RQKPy7wSaDZo,2020-02-17,-1.0,3.0,-4.0,6.0,15.0,-1.0
3,CO,Colombia,,,,,,ChIJo5QVrjqkFY4RQKPy7wSaDZo,2020-02-18,-3.0,1.0,-3.0,10.0,17.0,-1.0
4,CO,Colombia,,,,,,ChIJo5QVrjqkFY4RQKPy7wSaDZo,2020-02-19,-5.0,-5.0,-5.0,6.0,13.0,-2.0
5,CO,Colombia,,,,,,ChIJo5QVrjqkFY4RQKPy7wSaDZo,2020-02-20,-5.0,-4.0,-6.0,2.0,7.0,-1.0
6,CO,Colombia,,,,,,ChIJo5QVrjqkFY4RQKPy7wSaDZo,2020-02-21,-2.0,-1.0,-6.0,8.0,13.0,-1.0
7,CO,Colombia,,,,,,ChIJo5QVrjqkFY4RQKPy7wSaDZo,2020-02-22,-2.0,-2.0,-8.0,2.0,4.0,0.0
8,CO,Colombia,,,,,,ChIJo5QVrjqkFY4RQKPy7wSaDZo,2020-02-23,-7.0,-4.0,-11.0,-5.0,-2.0,2.0
9,CO,Colombia,,,,,,ChIJo5QVrjqkFY4RQKPy7wSaDZo,2020-02-24,-7.0,-4.0,-9.0,6.0,11.0,0.0
10,CO,Colombia,,,,,,ChIJo5QVrjqkFY4RQKPy7wSaDZo,2020-02-25,-8.0,-5.0,-9.0,8.0,13.0,0.0
11,CO,Colombia,,,,,,ChIJo5QVrjqkFY4RQKPy7wSaDZo,2020-02-26,-6.0,-5.0,-5.0,7.0,13.0,-2.0
12,CO,Colombia,,,,,,ChIJo5QVrjqkFY4RQKPy7wSaDZo,2020-02-27,-5.0,-2.0,-6.0,4.0,13.0,-2.0
13,CO,Colombia,,,,,,ChIJo5QVrjqkFY4RQKPy7wSaDZo,2020-02-28,3.0,7.0,-4.0,10.0,20.0,-3.0
14,CO,Colombia,,,,,,ChIJo5QVrjqkFY4RQKPy7wSaDZo,2020-02-29,8.0,11.0,-2.0,8.0,10.0,-1.0
15,CO,Colombia,,,,,,ChIJo5QVrjqkFY4RQKPy7wSaDZo,2020-03-01,5.0,13.0,-2.0,4.0,3.0,1.0
16,CO,Colombia,,,,,,ChIJo5QVrjqkFY4RQKPy7wSaDZo,2020-03-02,2.0,8.0,-4.0,12.0,17.0,-2.0
17,CO,Colombia,,,,,,ChIJo5QVrjqkFY4RQKPy7wSaDZo,2020-03-03,0.0,7.0,-3.0,15.0,19.0,-2.0
18,CO,Colombia,,,,,,ChIJo5QVrjqkFY4RQKPy7wSaDZo,2020-03-04,-1.0,2.0,-2.0,9.0,15.0,-2.0
19,CO,Colombia,,,,,,ChIJo5QVrjqkFY4RQKPy7wSaDZo,2020-03-05,-1.0,4.0,-1.0,9.0,14.0,-2.0
20,CO,Colombia,,,,,,ChIJo5QVrjqkFY4RQKPy7wSaDZo,2020-03-06,1.0,4.0,-3.0,12.0,21.0,-3.0
21,CO,Colombia,,,,,,ChIJo5QVrjqkFY4RQKPy7wSaDZo,2020-03-07,3.0,5.0,-4.0,4.0,10.0,0.0
22,CO,Colombia,,,,,,ChIJo5QVrjqkFY4RQKPy7wSaDZo,2020-03-08,6.0,5.0,-3.0,1.0,4.0,1.0
23,CO,Colombia,,,,,,ChIJo5QVrjqkFY4RQKPy7wSaDZo,2020-03-09,-5.0,-1.0,-9.0,8.0,16.0,-1.0
24,CO,Colombia,,,,,,ChIJo5QVrjqkFY4RQKPy7wSaDZo,2020-03-10,-7.0,-2.0,-9.0,13.0,18.0,-1.0
25,CO,Colombia,,,,,,ChIJo5QVrjqkFY4RQKPy7wSaDZo,2020-03-11,-8.0,-3.0,-7.0,8.0,14.0,-2.0
26,CO,Colombia,,,,,,ChIJo5QVrjqkFY4RQKPy7wSaDZo,2020-03-12,-9.0,-1.0,-8.0,3.0,13.0,-1.0
27,CO,Colombia,,,,,,ChIJo5QVrjqkFY4RQKPy7wSaDZo,2020-03-13,-6.0,2.0,-11.0,4.0,18.0,-1.0
28,CO,Colombia,,,,,,ChIJo5QVrjqkFY4RQKPy7wSaDZo,2020-03-14,-5.0,7.0,-10.0,-4.0,8.0,1.0
29,CO,Colombia,,,,,,ChIJo5QVrjqkFY4RQKPy7wSaDZo,2020-03-15,-14.0,9.0,-16.0,-11.0,1.0,4.0
30,CO,Colombia,,,,,,ChIJo5QVrjqkFY4RQKPy7wSaDZo,2020-03-16,-15.0,12.0,-18.0,-14.0,-3.0,5.0
31,CO,Colombia,,,,,,ChIJo5QVrjqkFY4RQKPy7wSaDZo,2020-03-17,-23.0,13.0,-20.0,-19.0,-11.0,9.0
32,CO,Colombia,,,,,,ChIJo5QVrjqkFY4RQKPy7wSaDZo,2020-03-18,-29.0,8.0,-24.0,-27.0,-20.0,11.0
33,CO,Colombia,,,,,,ChIJo5QVrjqkFY4RQKPy7wSaDZo,2020-03-19,-31.0,7.0,-25.0,-29.0,-24.0,11.0
34,CO,Colombia,,,,,,ChIJo5QVrjqkFY4RQKPy7wSaDZo,2020-03-20,-62.0,-29.0,-51.0,-63.0,-47.0,25.0
35,CO,Colombia,,,,,,ChIJo5QVrjqkFY4RQKPy7wSaDZo,2020-03-21,-83.0,-55.0,-75.0,-78.0,-65.0,30.0
36,CO,Colombia,,,,,,ChIJo5QVrjqkFY4RQKPy7wSaDZo,2020-03-22,-85.0,-64.0,-79.0,-77.0,-55.0,25.0
37,CO,Colombia,,,,,,ChIJo5QVrjqkFY4RQKPy7wSaDZo,2020-03-23,-86.0,-66.0,-77.0,-84.0,-82.0,37.0
38,CO,Colombia,,,,,,ChIJo5QVrjqkFY4RQKPy7wSaDZo,2020-03-24,-71.0,-41.0,-60.0,-65.0,-62.0,28.0
39,CO,Colombia,,,,,,ChIJo5QVrjqkFY4RQKPy7wSaDZo,2020-03-25,-83.0,-64.0,-75.0,-80.0,-75.0,35.0
40,CO,Colombia,,,,,,ChIJo5QVrjqkFY4RQKPy7wSaDZo,2020-03-26,-82.0,-61.0,-74.0,-80.0,-75.0,35.0
41,CO,Colombia,,,,,,ChIJo5QVrjqkFY4RQKPy7wSaDZo,2020-03-27,-82.0,-59.0,-74.0,-80.0,-73.0,38.0
42,CO,Colombia,,,,,,ChIJo5QVrjqkFY4RQKPy7wSaDZo,2020-03-28,-84.0,-61.0,-76.0,-80.0,-68.0,31.0
43,CO,Colombia,,,,,,ChIJo5QVrjqkFY4RQKPy7wSaDZo,2020-03-29,-86.0,-68.0,-80.0,-82.0,-58.0,26.0
44,CO,Colombia,,,,,,ChIJo5QVrjqkFY4RQKPy7wSaDZo,2020-03-30,-79.0,-56.0,-71.0,-79.0,-73.0,34.0
45,CO,Colombia,,,,,,ChIJo5QVrjqkFY4RQKPy7wSaDZo,2020-03-31,-78.0,-52.0,-69.0,-78.0,-72.0,34.0
46,CO,Colombia,,,,,,ChIJo5QVrjqkFY4RQKPy7wSaDZo,2020-04-01,-78.0,-53.0,-69.0,-78.0,-73.0,33.0
47,CO,Colombia,,,,,,ChIJo5QVrjqkFY4RQKPy7wSaDZo,2020-04-02,-78.0,-51.0,-68.0,-78.0,-73.0,34.0
48,CO,Colombia,,,,,,ChIJo5QVrjqkFY4RQKPy7wSaDZo,2020-04-03,-79.0,-53.0,-71.0,-78.0,-71.0,36.0
49,CO,Colombia,,,,,,ChIJo5QVrjqkFY4RQKPy7wSaDZo,2020-04-04,-82.0,-58.0,-74.0,-79.0,-66.0,31.0
50,CO,Colombia,,,,,,ChIJo5QVrjqkFY4RQKPy7wSaDZo,2020-04-05,-85.0,-66.0,-79.0,-81.0,-57.0,26.0
51,CO,Colombia,,,,,,ChIJo5QVrjqkFY4RQKPy7wSaDZo,2020-04-06,-77.0,-54.0,-69.0,-78.0,-72.0,34.0
52,CO,Colombia,,,,,,ChIJo5QVrjqkFY4RQKPy7wSaDZo,2020-04-07,-76.0,-49.0,-67.0,-76.0,-71.0,33.0
53,CO,Colombia,,,,,,ChIJo5QVrjqkFY4RQKPy7wSaDZo,2020-04-08,-76.0,-47.0,-65.0,-76.0,-72.0,32.0
54,CO,Colombia,,,,,,ChIJo5QVrjqkFY4RQKPy7wSaDZo,2020-04-09,-85.0,-63.0,-76.0,-85.0,-83.0,38.0
55,CO,Colombia,,,,,,ChIJo5QVrjqkFY4RQKPy7wSaDZo,2020-04-10,-90.0,-75.0,-82.0,-88.0,-85.0,42.0
56,CO,Colombia,,,,,,ChIJo5QVrjqkFY4RQKPy7wSaDZo,2020-04-11,-84.0,-65.0,-77.0,-81.0,-69.0,32.0
57,CO,Colombia,,,,,,ChIJo5QVrjqkFY4RQKPy7wSaDZo,2020-04-12,-86.0,-70.0,-80.0,-81.0,-57.0,26.0
58,CO,Colombia,,,,,,ChIJo5QVrjqkFY4RQKPy7wSaDZo,2020-04-13,-77.0,-55.0,-69.0,-77.0,-69.0,33.0
59,CO,Colombia,,,,,,ChIJo5QVrjqkFY4RQKPy7wSaDZo,2020-04-14,-77.0,-54.0,-69.0,-77.0,-69.0,33.0
60,CO,Colombia,,,,,,ChIJo5QVrjqkFY4RQKPy7wSaDZo,2020-04-15,-76.0,-52.0,-67.0,-76.0,-69.0,32.0
61,CO,Colombia,,,,,,ChIJo5QVrjqkFY4RQKPy7wSaDZo,2020-04-16,-77.0,-52.0,-67.0,-77.0,-69.0,33.0
62,CO,Colombia,,,,,,ChIJo5QVrjqkFY4RQKPy7wSaDZo,2020-04-17,-76.0,-49.0,-67.0,-75.0,-66.0,35.0
63,CO,Colombia,,,,,,ChIJo5QVrjqkFY4RQKPy7wSaDZo,2020-04-18,-83.0,-64.0,-75.0,-77.0,-62.0,30.0
64,CO,Colombia,,,,,,ChIJo5QVrjqkFY4RQKPy7wSaDZo,2020-04-19,-84.0,-69.0,-79.0,-79.0,-54.0,25.0
65,CO,Colombia,,,,,,ChIJo5QVrjqkFY4RQKPy7wSaDZo,2020-04-20,-76.0,-57.0,-68.0,-76.0,-66.0,32.0
66,CO,Colombia,,,,,,ChIJo5QVrjqkFY4RQKPy7wSaDZo,2020-04-21,-76.0,-55.0,-68.0,-74.0,-66.0,32.0
67,CO,Colombia,,,,,,ChIJo5QVrjqkFY4RQKPy7wSaDZo,2020-04-22,-77.0,-58.0,-68.0,-76.0,-66.0,32.0
68,CO,Colombia,,,,,,ChIJo5QVrjqkFY4RQKPy7wSaDZo,2020-04-23,-75.0,-54.0,-67.0,-75.0,-66.0,32.0
69,CO,Colombia,,,,,,ChIJo5QVrjqkFY4RQKPy7wSaDZo,2020-04-24,-76.0,-55.0,-69.0,-75.0,-63.0,34.0
70,CO,Colombia,,,,,,ChIJo5QVrjqkFY4RQKPy7wSaDZo,2020-04-25,-79.0,-60.0,-73.0,-74.0,-57.0,29.0
71,CO,Colombia,,,,,,ChIJo5QVrjqkFY4RQKPy7wSaDZo,2020-04-26,-83.0,-68.0,-78.0,-77.0,-50.0,24.0
72,CO,Colombia,,,,,,ChIJo5QVrjqkFY4RQKPy7wSaDZo,2020-04-27,-71.0,-52.0,-64.0,-72.0,-60.0,30.0
73,CO,Colombia,,,,,,ChIJo5QVrjqkFY4RQKPy7wSaDZo,2020-04-28,-72.0,-51.0,-63.0,-71.0,-60.0,26.0
74,CO,Colombia,,,,,,ChIJo5QVrjqkFY4RQKPy7wSaDZo,2020-04-29,-70.0,-50.0,-61.0,-70.0,-60.0,29.0
75,CO,Colombia,,,,,,ChIJo5QVrjqkFY4RQKPy7wSaDZo,2020-04-30,-69.0,-45.0,-59.0,-70.0,-60.0,28.0
76,CO,Colombia,,,,,,ChIJo5QVrjqkFY4RQKPy7wSaDZo,2020-05-01,-79.0,-56.0,-70.0,-78.0,-73.0,36.0
77,CO,Colombia,,,,,,ChIJo5QVrjqkFY4RQKPy7wSaDZo,2020-05-02,-77.0,-56.0,-69.0,-71.0,-54.0,27.0
78,CO,Colombia,,,,,,ChIJo5QVrjqkFY4RQKPy7wSaDZo,2020-05-03,-80.0,-64.0,-75.0,-73.0,-47.0,23.0
79,CO,Colombia,,,,,,ChIJo5QVrjqkFY4RQKPy7wSaDZo,2020-05-04,-67.0,-45.0,-59.0,-69.0,-56.0,28.0
80,CO,Colombia,,,,,,ChIJo5QVrjqkFY4RQKPy7wSaDZo,2020-05-05,-66.0,-42.0,-57.0,-66.0,-55.0,28.0
81,CO,Colombia,,,,,,ChIJo5QVrjqkFY4RQKPy7wSaDZo,2020-05-06,-67.0,-44.0,-56.0,-66.0,-56.0,27.0
82,CO,Colombia,,,,,,ChIJo5QVrjqkFY4RQKPy7wSaDZo,2020-05-07,-66.0,-41.0,-54.0,-64.0,-56.0,28.0
83,CO,Colombia,,,,,,ChIJo5QVrjqkFY4RQKPy7wSaDZo,2020-05-08,-67.0,-39.0,-57.0,-64.0,-51.0,29.0
84,CO,Colombia,,,,,,ChIJo5QVrjqkFY4RQKPy7wSaDZo,2020-05-09,-71.0,-46.0,-61.0,-62.0,-46.0,25.0
85,CO,Colombia,,,,,,ChIJo5QVrjqkFY4RQKPy7wSaDZo,2020-05-10,-75.0,-57.0,-67.0,-64.0,-38.0,21.0
86,CO,Colombia,,,,,,ChIJo5QVrjqkFY4RQKPy7wSaDZo,2020-05-11,-63.0,-41.0,-55.0,-63.0,-50.0,26.0
87,CO,Colombia,,,,,,ChIJo5QVrjqkFY4RQKPy7wSaDZo,2020-05-12,-64.0,-40.0,-54.0,-61.0,-49.0,27.0
88,CO,Colombia,,,,,,ChIJo5QVrjqkFY4RQKPy7wSaDZo,2020-05-13,-64.0,-41.0,-53.0,-62.0,-51.0,26.0
89,CO,Colombia,,,,,,ChIJo5QVrjqkFY4RQKPy7wSaDZo,2020-05-14,-64.0,-40.0,-53.0,-63.0,-51.0,24.0
90,CO,Colombia,,,,,,ChIJo5QVrjqkFY4RQKPy7wSaDZo,2020-05-15,-63.0,-36.0,-54.0,-61.0,-47.0,27.0
91,CO,Colombia,,,,,,ChIJo5QVrjqkFY4RQKPy7wSaDZo,2020-05-16,-68.0,-43.0,-59.0,-59.0,-40.0,23.0
92,CO,Colombia,,,,,,ChIJo5QVrjqkFY4RQKPy7wSaDZo,2020-05-17,-76.0,-54.0,-69.0,-65.0,-38.0,21.0
93,CO,Colombia,,,,,,ChIJo5QVrjqkFY4RQKPy7wSaDZo,2020-05-18,-59.0,-35.0,-51.0,-60.0,-46.0,25.0
94,CO,Colombia,,,,,,ChIJo5QVrjqkFY4RQKPy7wSaDZo,2020-05-19,-62.0,-37.0,-52.0,-59.0,-47.0,26.0
95,CO,Colombia,,,,,,ChIJo5QVrjqkFY4RQKPy7wSaDZo,2020-05-20,-60.0,-36.0,-49.0,-58.0,-47.0,25.0
96,CO,Colombia,,,,,,ChIJo5QVrjqkFY4RQKPy7wSaDZo,2020-05-21,-60.0,-35.0,-48.0,-59.0,-48.0,25.0
97,CO,Colombia,,,,,,ChIJo5QVrjqkFY4RQKPy7wSaDZo,2020-05-22,-61.0,-34.0,-51.0,-58.0,-42.0,26.0
98,CO,Colombia,,,,,,ChIJo5QVrjqkFY4RQKPy7wSaDZo,2020-05-23,-66.0,-41.0,-56.0,-56.0,-34.0,22.0
99,CO,Colombia,,,,,,ChIJo5QVrjqkFY4RQKPy7wSaDZo,2020-05-24,-74.0,-54.0,-66.0,-63.0,-34.0,20.0
100,CO,Colombia,,,,,,ChIJo5QVrjqkFY4RQKPy7wSaDZo,2020-05-25,-75.0,-54.0,-63.0,-74.0,-72.0,32.0
101,CO,Colombia,,,,,,ChIJo5QVrjqkFY4RQKPy7wSaDZo,2020-05-26,-58.0,-33.0,-47.0,-55.0,-41.0,23.0
102,CO,Colombia,,,,,,ChIJo5QVrjqkFY4RQKPy7wSaDZo,2020-05-27,-58.0,-34.0,-47.0,-57.0,-44.0,23.0
103,CO,Colombia,,,,,,ChIJo5QVrjqkFY4RQKPy7wSaDZo,2020-05-28,-58.0,-33.0,-47.0,-57.0,-44.0,24.0
104,CO,Colombia,,,,,,ChIJo5QVrjqkFY4RQKPy7wSaDZo,2020-05-29,-57.0,-29.0,-47.0,-55.0,-39.0,25.0
105,CO,Colombia,,,,,,ChIJo5QVrjqkFY4RQKPy7wSaDZo,2020-05-30,-64.0,-38.0,-55.0,-54.0,-29.0,21.0
106,CO,Colombia,,,,,,ChIJo5QVrjqkFY4RQKPy7wSaDZo,2020-05-31,-70.0,-45.0,-62.0,-58.0,-24.0,19.0
107,CO,Colombia,,,,,,ChIJo5QVrjqkFY4RQKPy7wSaDZo,2020-06-01,-53.0,-27.0,-44.0,-53.0,-39.0,22.0
108,CO,Colombia,,,,,,ChIJo5QVrjqkFY4RQKPy7wSaDZo,2020-06-02,-52.0,-25.0,-42.0,-51.0,-39.0,23.0
109,CO,Colombia,,,,,,ChIJo5QVrjqkFY4RQKPy7wSaDZo,2020-06-03,-55.0,-31.0,-46.0,-54.0,-41.0,23.0
110,CO,Colombia,,,,,,ChIJo5QVrjqkFY4RQKPy7wSaDZo,2020-06-04,-52.0,-26.0,-41.0,-52.0,-40.0,22.0
111,CO,Colombia,,,,,,ChIJo5QVrjqkFY4RQKPy7wSaDZo,2020-06-05,-54.0,-25.0,-44.0,-52.0,-36.0,23.0
112,CO,Colombia,,,,,,ChIJo5QVrjqkFY4RQKPy7wSaDZo,2020-06-06,-58.0,-31.0,-50.0,-50.0,-24.0,19.0
113,CO,Colombia,,,,,,ChIJo5QVrjqkFY4RQKPy7wSaDZo,2020-06-07,-67.0,-44.0,-58.0,-56.0,-22.0,18.0
114,CO,Colombia,,,,,,ChIJo5QVrjqkFY4RQKPy7wSaDZo,2020-06-08,-51.0,-28.0,-43.0,-53.0,-36.0,21.0
115,CO,Colombia,,,,,,ChIJo5QVrjqkFY4RQKPy7wSaDZo,2020-06-09,-52.0,-28.0,-43.0,-51.0,-36.0,22.0
116,CO,Colombia,,,,,,ChIJo5QVrjqkFY4RQKPy7wSaDZo,2020-06-10,-52.0,-31.0,-43.0,-54.0,-38.0,21.0
117,CO,Colombia,,,,,,ChIJo5QVrjqkFY4RQKPy7wSaDZo,2020-06-11,-52.0,-29.0,-43.0,-54.0,-38.0,22.0
118,CO,Colombia,,,,,,ChIJo5QVrjqkFY4RQKPy7wSaDZo,2020-06-12,-52.0,-26.0,-44.0,-52.0,-34.0,22.0
119,CO,Colombia,,,,,,ChIJo5QVrjqkFY4RQKPy7wSaDZo,2020-06-13,-53.0,-25.0,-45.0,-46.0,-18.0,18.0
120,CO,Colombia,,,,,,ChIJo5QVrjqkFY4RQKPy7wSaDZo,2020-06-14,-66.0,-43.0,-58.0,-55.0,-17.0,17.0
121,CO,Colombia,,,,,,ChIJo5QVrjqkFY4RQKPy7wSaDZo,2020-06-15,-67.0,-45.0,-56.0,-69.0,-66.0,29.0
122,CO,Colombia,,,,,,ChIJo5QVrjqkFY4RQKPy7wSaDZo,2020-06-16,-48.0,-25.0,-38.0,-49.0,-33.0,20.0
123,CO,Colombia,,,,,,ChIJo5QVrjqkFY4RQKPy7wSaDZo,2020-06-17,-49.0,-27.0,-40.0,-51.0,-37.0,20.0
124,CO,Colombia,,,,,,ChIJo5QVrjqkFY4RQKPy7wSaDZo,2020-06-18,-49.0,-27.0,-41.0,-52.0,-38.0,20.0
125,CO,Colombia,,,,,,ChIJo5QVrjqkFY4RQKPy7wSaDZo,2020-06-19,-43.0,-15.0,-37.0,-47.0,-31.0,19.0
126,CO,Colombia,,,,,,ChIJo5QVrjqkFY4RQKPy7wSaDZo,2020-06-20,-51.0,-25.0,-43.0,-45.0,-16.0,17.0
127,CO,Colombia,,,,,,ChIJo5QVrjqkFY4RQKPy7wSaDZo,2020-06-21,-61.0,-38.0,-52.0,-49.0,-8.0,15.0
128,CO,Colombia,,,,,,ChIJo5QVrjqkFY4RQKPy7wSaDZo,2020-06-22,-69.0,-50.0,-58.0,-70.0,-67.0,29.0
129,CO,Colombia,,,,,,ChIJo5QVrjqkFY4RQKPy7wSaDZo,2020-06-23,-47.0,-24.0,-38.0,-48.0,-35.0,20.0
130,CO,Colombia,,,,,,ChIJo5QVrjqkFY4RQKPy7wSaDZo,2020-06-24,-48.0,-26.0,-37.0,-49.0,-36.0,19.0
131,CO,Colombia,,,,,,ChIJo5QVrjqkFY4RQKPy7wSaDZo,2020-06-25,-48.0,-25.0,-38.0,-50.0,-36.0,20.0
132,CO,Colombia,,,,,,ChIJo5QVrjqkFY4RQKPy7wSaDZo,2020-06-26,-48.0,-21.0,-39.0,-48.0,-32.0,21.0
133,CO,Colombia,,,,,,ChIJo5QVrjqkFY4RQKPy7wSaDZo,2020-06-27,-49.0,-23.0,-40.0,-43.0,-17.0,16.0
134,CO,Colombia,,,,,,ChIJo5QVrjqkFY4RQKPy7wSaDZo,2020-06-28,-63.0,-42.0,-56.0,-52.0,-14.0,17.0
135,CO,Colombia,,,,,,ChIJo5QVrjqkFY4RQKPy7wSaDZo,2020-06-29,-64.0,-42.0,-52.0,-67.0,-65.0,28.0
136,CO,Colombia,,,,,,ChIJo5QVrjqkFY4RQKPy7wSaDZo,2020-06-30,-43.0,-17.0,-33.0,-46.0,-32.0,18.0
137,CO,Colombia,,,,,,ChIJo5QVrjqkFY4RQKPy7wSaDZo,2020-07-01,-43.0,-18.0,-34.0,-48.0,-35.0,18.0
138,CO,Colombia,,,,,,ChIJo5QVrjqkFY4RQKPy7wSaDZo,2020-07-02,-42.0,-16.0,-33.0,-47.0,-36.0,19.0
139,CO,Colombia,,,,,,ChIJo5QVrjqkFY4RQKPy7wSaDZo,2020-07-03,-44.0,-16.0,-35.0,-46.0,-32.0,20.0
140,CO,Colombia,,,,,,ChIJo5QVrjqkFY4RQKPy7wSaDZo,2020-07-04,-50.0,-24.0,-42.0,-43.0,-18.0,17.0
141,CO,Colombia,,,,,,ChIJo5QVrjqkFY4RQKPy7wSaDZo,2020-07-05,-59.0,-36.0,-50.0,-50.0,-14.0,16.0
142,CO,Colombia,,,,,,ChIJo5QVrjqkFY4RQKPy7wSaDZo,2020-07-06,-44.0,-22.0,-38.0,-49.0,-35.0,19.0
143,CO,Colombia,,,,,,ChIJo5QVrjqkFY4RQKPy7wSaDZo,2020-07-07,-43.0,-19.0,-36.0,-46.0,-35.0,20.0
144,CO,Colombia,,,,,,ChIJo5QVrjqkFY4RQKPy7wSaDZo,2020-07-08,-46.0,-25.0,-37.0,-50.0,-36.0,19.0
145,CO,Colombia,,,,,,ChIJo5QVrjqkFY4RQKPy7wSaDZo,2020-07-09,-46.0,-23.0,-36.0,-50.0,-37.0,20.0
146,CO,Colombia,,,,,,ChIJo5QVrjqkFY4RQKPy7wSaDZo,2020-07-10,-47.0,-22.0,-39.0,-48.0,-32.0,21.0
147,CO,Colombia,,,,,,ChIJo5QVrjqkFY4RQKPy7wSaDZo,2020-07-11,-51.0,-28.0,-44.0,-45.0,-18.0,17.0
148,CO,Colombia,,,,,,ChIJo5QVrjqkFY4RQKPy7wSaDZo,2020-07-12,-60.0,-39.0,-52.0,-50.0,-14.0,16.0
149,CO,Colombia,,,,,,ChIJo5QVrjqkFY4RQKPy7wSaDZo,2020-07-13,-50.0,-28.0,-43.0,-56.0,-38.0,21.0
150,CO,Colombia,,,,,,ChIJo5QVrjqkFY4RQKPy7wSaDZo,2020-07-14,-50.0,-26.0,-41.0,-55.0,-38.0,21.0
151,CO,Colombia,,,,,,ChIJo5QVrjqkFY4RQKPy7wSaDZo,2020-07-15,-50.0,-27.0,-42.0,-56.0,-39.0,20.0
152,CO,Colombia,,,,,,ChIJo5QVrjqkFY4RQKPy7wSaDZo,2020-07-16,-49.0,-22.0,-39.0,-55.0,-40.0,21.0
153,CO,Colombia,,,,,,ChIJo5QVrjqkFY4RQKPy7wSaDZo,2020-07-17,-55.0,-28.0,-48.0,-60.0,-40.0,24.0
154,CO,Colombia,,,,,,ChIJo5QVrjqkFY4RQKPy7wSaDZo,2020-07-18,-60.0,-35.0,-52.0,-58.0,-27.0,20.0
155,CO,Colombia,,,,,,ChIJo5QVrjqkFY4RQKPy7wSaDZo,2020-07-19,-69.0,-49.0,-62.0,-63.0,-25.0,19.0
156,CO,Colombia,,,,,,ChIJo5QVrjqkFY4RQKPy7wSaDZo,2020-07-20,-72.0,-55.0,-63.0,-75.0,-71.0,32.0
157,CO,Colombia,,,,,,ChIJo5QVrjqkFY4RQKPy7wSaDZo,2020-07-21,-50.0,-25.0,-42.0,-54.0,-37.0,20.0
158,CO,Colombia,,,,,,ChIJo5QVrjqkFY4RQKPy7wSaDZo,2020-07-22,-49.0,-25.0,-41.0,-54.0,-39.0,20.0
159,CO,Colombia,,,,,,ChIJo5QVrjqkFY4RQKPy7wSaDZo,2020-07-23,-52.0,-28.0,-43.0,-58.0,-40.0,21.0
160,CO,Colombia,,,,,,ChIJo5QVrjqkFY4RQKPy7wSaDZo,2020-07-24,-58.0,-33.0,-51.0,-62.0,-40.0,25.0
161,CO,Colombia,,,,,,ChIJo5QVrjqkFY4RQKPy7wSaDZo,2020-07-25,-64.0,-42.0,-57.0,-61.0,-30.0,22.0
162,CO,Colombia,,,,,,ChIJo5QVrjqkFY4RQKPy7wSaDZo,2020-07-26,-70.0,-51.0,-62.0,-64.0,-25.0,19.0
163,CO,Colombia,,,,,,ChIJo5QVrjqkFY4RQKPy7wSaDZo,2020-07-27,-47.0,-25.0,-41.0,-55.0,-38.0,20.0
164,CO,Colombia,,,,,,ChIJo5QVrjqkFY4RQKPy7wSaDZo,2020-07-28,-48.0,-24.0,-40.0,-53.0,-37.0,21.0
165,CO,Colombia,,,,,,ChIJo5QVrjqkFY4RQKPy7wSaDZo,2020-07-29,-49.0,-26.0,-40.0,-55.0,-39.0,20.0
166,CO,Colombia,,,,,,ChIJo5QVrjqkFY4RQKPy7wSaDZo,2020-07-30,-47.0,-22.0,-39.0,-54.0,-40.0,20.0
167,CO,Colombia,,,,,,ChIJo5QVrjqkFY4RQKPy7wSaDZo,2020-07-31,-55.0,-28.0,-45.0,-60.0,-40.0,24.0
168,CO,Colombia,,,,,,ChIJo5QVrjqkFY4RQKPy7wSaDZo,2020-08-01,-59.0,-33.0,-49.0,-57.0,-28.0,20.0
169,CO,Colombia,,,,,,ChIJo5QVrjqkFY4RQKPy7wSaDZo,2020-08-02,-67.0,-45.0,-58.0,-61.0,-25.0,18.0
170,CO,Colombia,,,,,,ChIJo5QVrjqkFY4RQKPy7wSaDZo,2020-08-03,-47.0,-23.0,-40.0,-56.0,-39.0,21.0
171,CO,Colombia,,,,,,ChIJo5QVrjqkFY4RQKPy7wSaDZo,2020-08-04,-47.0,-21.0,-37.0,-53.0,-38.0,21.0
172,CO,Colombia,,,,,,ChIJo5QVrjqkFY4RQKPy7wSaDZo,2020-08-05,-47.0,-23.0,-37.0,-55.0,-39.0,20.0
173,CO,Colombia,,,,,,ChIJo5QVrjqkFY4RQKPy7wSaDZo,2020-08-06,-44.0,-16.0,-33.0,-52.0,-39.0,18.0
174,CO,Colombia,,,,,,ChIJo5QVrjqkFY4RQKPy7wSaDZo,2020-08-07,-69.0,-47.0,-58.0,-69.0,-63.0,31.0
175,CO,Colombia,,,,,,ChIJo5QVrjqkFY4RQKPy7wSaDZo,2020-08-08,-62.0,-39.0,-53.0,-57.0,-33.0,21.0
176,CO,Colombia,,,,,,ChIJo5QVrjqkFY4RQKPy7wSaDZo,2020-08-09,-69.0,-51.0,-59.0,-61.0,-26.0,18.0
177,CO,Colombia,,,,,,ChIJo5QVrjqkFY4RQKPy7wSaDZo,2020-08-10,-45.0,-24.0,-38.0,-54.0,-37.0,19.0
178,CO,Colombia,,,,,,ChIJo5QVrjqkFY4RQKPy7wSaDZo,2020-08-11,-46.0,-23.0,-37.0,-52.0,-36.0,20.0
179,CO,Colombia,,,,,,ChIJo5QVrjqkFY4RQKPy7wSaDZo,2020-08-12,-48.0,-27.0,-39.0,-54.0,-38.0,19.0
180,CO,Colombia,,,,,,ChIJo5QVrjqkFY4RQKPy7wSaDZo,2020-08-13,-48.0,-25.0,-39.0,-54.0,-39.0,20.0
181,CO,Colombia,,,,,,ChIJo5QVrjqkFY4RQKPy7wSaDZo,2020-08-14,-48.0,-21.0,-40.0,-52.0,-34.0,20.0
182,CO,Colombia,,,,,,ChIJo5QVrjqkFY4RQKPy7wSaDZo,2020-08-15,-55.0,-30.0,-46.0,-49.0,-24.0,18.0
183,CO,Colombia,,,,,,ChIJo5QVrjqkFY4RQKPy7wSaDZo,2020-08-16,-64.0,-43.0,-55.0,-56.0,-21.0,17.0
184,CO,Colombia,,,,,,ChIJo5QVrjqkFY4RQKPy7wSaDZo,2020-08-17,-70.0,-50.0,-60.0,-72.0,-69.0,29.0
185,CO,Colombia,,,,,,ChIJo5QVrjqkFY4RQKPy7wSaDZo,2020-08-18,-47.0,-21.0,-37.0,-49.0,-34.0,18.0
186,CO,Colombia,,,,,,ChIJo5QVrjqkFY4RQKPy7wSaDZo,2020-08-19,-49.0,-26.0,-40.0,-53.0,-37.0,19.0
187,CO,Colombia,,,,,,ChIJo5QVrjqkFY4RQKPy7wSaDZo,2020-08-20,-48.0,-23.0,-38.0,-53.0,-37.0,19.0
188,CO,Colombia,,,,,,ChIJo5QVrjqkFY4RQKPy7wSaDZo,2020-08-21,-49.0,-23.0,-41.0,-52.0,-33.0,20.0
189,CO,Colombia,,,,,,ChIJo5QVrjqkFY4RQKPy7wSaDZo,2020-08-22,-53.0,-28.0,-45.0,-48.0,-20.0,17.0
190,CO,Colombia,,,,,,ChIJo5QVrjqkFY4RQKPy7wSaDZo,2020-08-23,-64.0,-44.0,-56.0,-56.0,-18.0,16.0
191,CO,Colombia,,,,,,ChIJo5QVrjqkFY4RQKPy7wSaDZo,2020-08-24,-48.0,-27.0,-41.0,-52.0,-35.0,19.0
192,CO,Colombia,,,,,,ChIJo5QVrjqkFY4RQKPy7wSaDZo,2020-08-25,-47.0,-24.0,-38.0,-51.0,-34.0,19.0
193,CO,Colombia,,,,,,ChIJo5QVrjqkFY4RQKPy7wSaDZo,2020-08-26,-48.0,-26.0,-38.0,-52.0,-35.0,18.0
194,CO,Colombia,,,,,,ChIJo5QVrjqkFY4RQKPy7wSaDZo,2020-08-27,-46.0,-23.0,-36.0,-51.0,-35.0,18.0
195,CO,Colombia,,,,,,ChIJo5QVrjqkFY4RQKPy7wSaDZo,2020-08-28,-45.0,-19.0,-36.0,-49.0,-30.0,19.0
196,CO,Colombia,,,,,,ChIJo5QVrjqkFY4RQKPy7wSaDZo,2020-08-29,-49.0,-23.0,-40.0,-45.0,-15.0,14.0
197,CO,Colombia,,,,,,ChIJo5QVrjqkFY4RQKPy7wSaDZo,2020-08-30,-56.0,-33.0,-46.0,-48.0,-12.0,13.0
198,CO,Colombia,,,,,,ChIJo5QVrjqkFY4RQKPy7wSaDZo,2020-08-31,-44.0,-20.0,-37.0,-50.0,-33.0,18.0
199,CO,Colombia,,,,,,ChIJo5QVrjqkFY4RQKPy7wSaDZo,2020-09-01,-41.0,-13.0,-32.0,-45.0,-32.0,17.0
200,CO,Colombia,,,,,,ChIJo5QVrjqkFY4RQKPy7wSaDZo,2020-09-02,-42.0,-18.0,-35.0,-47.0,-34.0,16.0
201,CO,Colombia,,,,,,ChIJo5QVrjqkFY4RQKPy7wSaDZo,2020-09-03,-39.0,-14.0,-31.0,-47.0,-34.0,16.0
202,CO,Colombia,,,,,,ChIJo5QVrjqkFY4RQKPy7wSaDZo,2020-09-04,-40.0,-13.0,-32.0,-43.0,-29.0,17.0
203,CO,Colombia,,,,,,ChIJo5QVrjqkFY4RQKPy7wSaDZo,2020-09-05,-37.0,-11.0,-27.0,-36.0,-13.0,11.0
204,CO,Colombia,,,,,,ChIJo5QVrjqkFY4RQKPy7wSaDZo,2020-09-06,-45.0,-24.0,-33.0,-39.0,-10.0,10.0
205,CO,Colombia,,,,,,ChIJo5QVrjqkFY4RQKPy7wSaDZo,2020-09-07,-41.0,-18.0,-35.0,-46.0,-33.0,16.0
206,CO,Colombia,,,,,,ChIJo5QVrjqkFY4RQKPy7wSaDZo,2020-09-08,-41.0,-17.0,-33.0,-44.0,-33.0,17.0
207,CO,Colombia,,,,,,ChIJo5QVrjqkFY4RQKPy7wSaDZo,2020-09-09,-41.0,-20.0,-31.0,-44.0,-33.0,15.0
208,CO,Colombia,,,,,,ChIJo5QVrjqkFY4RQKPy7wSaDZo,2020-09-10,-40.0,-18.0,-29.0,-45.0,-34.0,16.0
209,CO,Colombia,,,,,,ChIJo5QVrjqkFY4RQKPy7wSaDZo,2020-09-11,-41.0,-17.0,-33.0,-45.0,-29.0,17.0
210,CO,Colombia,,,,,,ChIJo5QVrjqkFY4RQKPy7wSaDZo,2020-09-12,-38.0,-14.0,-29.0,-37.0,-12.0,11.0
211,CO,Colombia,,,,,,ChIJo5QVrjqkFY4RQKPy7wSaDZo,2020-09-13,-45.0,-25.0,-32.0,-38.0,-8.0,9.0
212,CO,Colombia,,,,,,ChIJo5QVrjqkFY4RQKPy7wSaDZo,2020-09-14,-40.0,-18.0,-33.0,-45.0,-29.0,16.0
213,CO,Colombia,,,,,,ChIJo5QVrjqkFY4RQKPy7wSaDZo,2020-09-15,-38.0,-13.0,-29.0,-43.0,-28.0,16.0
214,CO,Colombia,,,,,,ChIJo5QVrjqkFY4RQKPy7wSaDZo,2020-09-16,-39.0,-18.0,-31.0,-43.0,-31.0,15.0
215,CO,Colombia,,,,,,ChIJo5QVrjqkFY4RQKPy7wSaDZo,2020-09-17,-37.0,-14.0,-30.0,-42.0,-31.0,16.0
216,CO,Colombia,,,,,,ChIJo5QVrjqkFY4RQKPy7wSaDZo,2020-09-18,-37.0,-10.0,-30.0,-39.0,-26.0,16.0
217,CO,Colombia,,,,,,ChIJo5QVrjqkFY4RQKPy7wSaDZo,2020-09-19,-33.0,-8.0,-26.0,-30.0,-10.0,10.0
218,CO,Colombia,,,,,,ChIJo5QVrjqkFY4RQKPy7wSaDZo,2020-09-20,-41.0,-19.0,-30.0,-32.0,-5.0,8.0
219,CO,Colombia,,,,,,ChIJo5QVrjqkFY4RQKPy7wSaDZo,2020-09-21,-42.0,-18.0,-33.0,-44.0,-31.0,16.0
220,CO,Colombia,,,,,,ChIJo5QVrjqkFY4RQKPy7wSaDZo,2020-09-22,-40.0,-11.0,-30.0,-38.0,-28.0,16.0
221,CO,Colombia,,,,,,ChIJo5QVrjqkFY4RQKPy7wSaDZo,2020-09-23,-43.0,-16.0,-33.0,-39.0,-30.0,16.0
222,CO,Colombia,,,,,,ChIJo5QVrjqkFY4RQKPy7wSaDZo,2020-09-24,-42.0,-14.0,-31.0,-40.0,-31.0,16.0
223,CO,Colombia,,,,,,ChIJo5QVrjqkFY4RQKPy7wSaDZo,2020-09-25,-40.0,-9.0,-31.0,-36.0,-25.0,16.0
224,CO,Colombia,,,,,,ChIJo5QVrjqkFY4RQKPy7wSaDZo,2020-09-26,-38.0,-7.0,-27.0,-26.0,-8.0,10.0
225,CO,Colombia,,,,,,ChIJo5QVrjqkFY4RQKPy7wSaDZo,2020-09-27,-45.0,-20.0,-32.0,-27.0,-7.0,9.0
226,CO,Colombia,,,,,,ChIJo5QVrjqkFY4RQKPy7wSaDZo,2020-09-28,-41.0,-11.0,-33.0,-38.0,-27.0,15.0
227,CO,Colombia,,,,,,ChIJo5QVrjqkFY4RQKPy7wSaDZo,2020-09-29,-41.0,-9.0,-32.0,-37.0,-27.0,16.0
228,CO,Colombia,,,,,,ChIJo5QVrjqkFY4RQKPy7wSaDZo,2020-09-30,-39.0,-6.0,-30.0,-38.0,-29.0,14.0
229,CO,Colombia,,,,,,ChIJo5QVrjqkFY4RQKPy7wSaDZo,2020-10-01,-36.0,0.0,-27.0,-37.0,-27.0,13.0
230,CO,Colombia,,,,,,ChIJo5QVrjqkFY4RQKPy7wSaDZo,2020-10-02,-35.0,1.0,-28.0,-29.0,-22.0,13.0
231,CO,Colombia,,,,,,ChIJo5QVrjqkFY4RQKPy7wSaDZo,2020-10-03,-33.0,0.0,-25.0,-19.0,-8.0,8.0
232,CO,Colombia,,,,,,ChIJo5QVrjqkFY4RQKPy7wSaDZo,2020-10-04,-40.0,-12.0,-28.0,-19.0,-5.0,7.0
233,CO,Colombia,,,,,,ChIJo5QVrjqkFY4RQKPy7wSaDZo,2020-10-05,-36.0,-4.0,-29.0,-31.0,-27.0,12.0
234,CO,Colombia,,,,,,ChIJo5QVrjqkFY4RQKPy7wSaDZo,2020-10-06,-35.0,-3.0,-26.0,-29.0,-26.0,13.0
235,CO,Colombia,,,,,,ChIJo5QVrjqkFY4RQKPy7wSaDZo,2020-10-07,-37.0,-9.0,-29.0,-32.0,-27.0,12.0
236,CO,Colombia,,,,,,ChIJo5QVrjqkFY4RQKPy7wSaDZo,2020-10-08,-36.0,-6.0,-28.0,-31.0,-28.0,13.0
237,CO,Colombia,,,,,,ChIJo5QVrjqkFY4RQKPy7wSaDZo,2020-10-09,-36.0,-5.0,-29.0,-28.0,-23.0,13.0
238,CO,Colombia,,,,,,ChIJo5QVrjqkFY4RQKPy7wSaDZo,2020-10-10,-35.0,-5.0,-23.0,-20.0,-7.0,7.0
239,CO,Colombia,,,,,,ChIJo5QVrjqkFY4RQKPy7wSaDZo,2020-10-11,-39.0,-16.0,-18.0,-21.0,-3.0,6.0
240,CO,Colombia,,,,,,ChIJo5QVrjqkFY4RQKPy7wSaDZo,2020-10-12,-49.0,-25.0,-30.0,-50.0,-64.0,17.0
241,CO,Colombia,,,,,,ChIJo5QVrjqkFY4RQKPy7wSaDZo,2020-10-13,-39.0,-9.0,-33.0,-28.0,-25.0,13.0
242,CO,Colombia,,,,,,ChIJo5QVrjqkFY4RQKPy7wSaDZo,2020-10-14,-38.0,-10.0,-31.0,-30.0,-26.0,14.0
243,CO,Colombia,,,,,,ChIJo5QVrjqkFY4RQKPy7wSaDZo,2020-10-15,-35.0,-3.0,-28.0,-29.0,-27.0,14.0
244,CO,Colombia,,,,,,ChIJo5QVrjqkFY4RQKPy7wSaDZo,2020-10-16,-34.0,0.0,-29.0,-26.0,-21.0,14.0
245,CO,Colombia,,,,,,ChIJo5QVrjqkFY4RQKPy7wSaDZo,2020-10-17,-32.0,0.0,-27.0,-15.0,-5.0,9.0
246,CO,Colombia,,,,,,ChIJo5QVrjqkFY4RQKPy7wSaDZo,2020-10-18,-39.0,-12.0,-29.0,-15.0,-1.0,8.0
247,CO,Colombia,,,,,,ChIJo5QVrjqkFY4RQKPy7wSaDZo,2020-10-19,-38.0,-7.0,-34.0,-29.0,-25.0,14.0
248,CO,Colombia,,,,,,ChIJo5QVrjqkFY4RQKPy7wSaDZo,2020-10-20,-37.0,-7.0,-31.0,-28.0,-24.0,15.0
249,CO,Colombia,,,,,,ChIJo5QVrjqkFY4RQKPy7wSaDZo,2020-10-21,-38.0,-9.0,-28.0,-34.0,-26.0,14.0
250,CO,Colombia,,,,,,ChIJo5QVrjqkFY4RQKPy7wSaDZo,2020-10-22,-36.0,-7.0,-26.0,-31.0,-26.0,14.0
251,CO,Colombia,,,,,,ChIJo5QVrjqkFY4RQKPy7wSaDZo,2020-10-23,-36.0,-4.0,-28.0,-28.0,-21.0,14.0
252,CO,Colombia,,,,,,ChIJo5QVrjqkFY4RQKPy7wSaDZo,2020-10-24,-34.0,-3.0,-25.0,-17.0,-4.0,9.0
253,CO,Colombia,,,,,,ChIJo5QVrjqkFY4RQKPy7wSaDZo,2020-10-25,-38.0,-12.0,-25.0,-16.0,0.0,7.0
254,CO,Colombia,,,,,,ChIJo5QVrjqkFY4RQKPy7wSaDZo,2020-10-26,-37.0,-6.0,-30.0,-29.0,-24.0,13.0
255,CO,Colombia,,,,,,ChIJo5QVrjqkFY4RQKPy7wSaDZo,2020-10-27,-37.0,-7.0,-31.0,-28.0,-23.0,14.0
256,CO,Colombia,,,,,,ChIJo5QVrjqkFY4RQKPy7wSaDZo,2020-10-28,-37.0,-9.0,-32.0,-30.0,-24.0,14.0
257,CO,Colombia,,,,,,ChIJo5QVrjqkFY4RQKPy7wSaDZo,2020-10-29,-35.0,-3.0,-30.0,-29.0,-25.0,13.0
258,CO,Colombia,,,,,,ChIJo5QVrjqkFY4RQKPy7wSaDZo,2020-10-30,-33.0,3.0,-30.0,-25.0,-19.0,13.0
259,CO,Colombia,,,,,,ChIJo5QVrjqkFY4RQKPy7wSaDZo,2020-10-31,-34.0,4.0,-30.0,-17.0,-4.0,9.0
260,CO,Colombia,,,,,,ChIJo5QVrjqkFY4RQKPy7wSaDZo,2020-11-01,-40.0,-11.0,-31.0,-21.0,-2.0,8.0
261,CO,Colombia,,,,,,ChIJo5QVrjqkFY4RQKPy7wSaDZo,2020-11-02,-45.0,-14.0,-32.0,-48.0,-62.0,19.0
262,CO,Colombia,,,,,,ChIJo5QVrjqkFY4RQKPy7wSaDZo,2020-11-03,-32.0,3.0,-29.0,-24.0,-21.0,12.0
263,CO,Colombia,,,,,,ChIJo5QVrjqkFY4RQKPy7wSaDZo,2020-11-04,-35.0,-5.0,-31.0,-28.0,-24.0,13.0
264,CO,Colombia,,,,,,ChIJo5QVrjqkFY4RQKPy7wSaDZo,2020-11-05,-33.0,-3.0,-30.0,-28.0,-24.0,13.0
265,CO,Colombia,,,,,,ChIJo5QVrjqkFY4RQKPy7wSaDZo,2020-11-06,-33.0,-2.0,-31.0,-26.0,-19.0,13.0
266,CO,Colombia,,,,,,ChIJo5QVrjqkFY4RQKPy7wSaDZo,2020-11-07,-30.0,-2.0,-28.0,-13.0,-1.0,8.0
267,CO,Colombia,,,,,,ChIJo5QVrjqkFY4RQKPy7wSaDZo,2020-11-08,-36.0,-13.0,-30.0,-15.0,2.0,8.0
268,CO,Colombia,,,,,,ChIJo5QVrjqkFY4RQKPy7wSaDZo,2020-11-09,-35.0,-8.0,-35.0,-27.0,-22.0,14.0
269,CO,Colombia,,,,,,ChIJo5QVrjqkFY4RQKPy7wSaDZo,2020-11-10,-36.0,-9.0,-35.0,-27.0,-22.0,14.0
270,CO,Colombia,,,,,,ChIJo5QVrjqkFY4RQKPy7wSaDZo,2020-11-11,-36.0,-10.0,-34.0,-28.0,-23.0,13.0
271,CO,Colombia,,,,,,ChIJo5QVrjqkFY4RQKPy7wSaDZo,2020-11-12,-34.0,-7.0,-32.0,-28.0,-24.0,13.0
272,CO,Colombia,,,,,,ChIJo5QVrjqkFY4RQKPy7wSaDZo,2020-11-13,-35.0,-5.0,-35.0,-24.0,-19.0,13.0
273,CO,Colombia,,,,,,ChIJo5QVrjqkFY4RQKPy7wSaDZo,2020-11-14,-29.0,0.0,-26.0,-11.0,-4.0,8.0
274,CO,Colombia,,,,,,ChIJo5QVrjqkFY4RQKPy7wSaDZo,2020-11-15,-31.0,-9.0,-23.0,-13.0,3.0,6.0
275,CO,Colombia,,,,,,ChIJo5QVrjqkFY4RQKPy7wSaDZo,2020-11-16,-43.0,-17.0,-36.0,-46.0,-61.0,18.0
276,CO,Colombia,,,,,,ChIJo5QVrjqkFY4RQKPy7wSaDZo,2020-11-17,-34.0,-3.0,-33.0,-22.0,-21.0,13.0
277,CO,Colombia,,,,,,ChIJo5QVrjqkFY4RQKPy7wSaDZo,2020-11-18,-33.0,-4.0,-30.0,-24.0,-22.0,12.0
278,CO,Colombia,,,,,,ChIJo5QVrjqkFY4RQKPy7wSaDZo,2020-11-19,-32.0,-4.0,-29.0,-26.0,-23.0,13.0
279,CO,Colombia,,,,,,ChIJo5QVrjqkFY4RQKPy7wSaDZo,2020-11-20,-29.0,2.0,-29.0,-20.0,-17.0,12.0
280,CO,Colombia,,,,,,ChIJo5QVrjqkFY4RQKPy7wSaDZo,2020-11-21,-22.0,7.0,-22.0,-8.0,3.0,6.0
281,CO,Colombia,,,,,,ChIJo5QVrjqkFY4RQKPy7wSaDZo,2020-11-22,-29.0,-5.0,-24.0,-8.0,8.0,7.0
282,CO,Colombia,,,,,,ChIJo5QVrjqkFY4RQKPy7wSaDZo,2020-11-23,-30.0,-2.0,-30.0,-23.0,-20.0,12.0
283,CO,Colombia,,,,,,ChIJo5QVrjqkFY4RQKPy7wSaDZo,2020-11-24,-32.0,-3.0,-30.0,-21.0,-19.0,13.0
284,CO,Colombia,,,,,,ChIJo5QVrjqkFY4RQKPy7wSaDZo,2020-11-25,-30.0,-1.0,-26.0,-22.0,-20.0,12.0
285,CO,Colombia,,,,,,ChIJo5QVrjqkFY4RQKPy7wSaDZo,2020-11-26,-27.0,3.0,-25.0,-22.0,-21.0,11.0
286,CO,Colombia,,,,,,ChIJo5QVrjqkFY4RQKPy7wSaDZo,2020-11-27,-26.0,5.0,-30.0,-18.0,-16.0,11.0
287,CO,Colombia,,,,,,ChIJo5QVrjqkFY4RQKPy7wSaDZo,2020-11-28,-23.0,6.0,-25.0,-4.0,3.0,6.0
288,CO,Colombia,,,,,,ChIJo5QVrjqkFY4RQKPy7wSaDZo,2020-11-29,-22.0,5.0,-20.0,1.0,12.0,5.0
289,CO,Colombia,,,,,,ChIJo5QVrjqkFY4RQKPy7wSaDZo,2020-11-30,-23.0,10.0,-24.0,-17.0,-18.0,10.0
290,CO,Colombia,,,,,,ChIJo5QVrjqkFY4RQKPy7wSaDZo,2020-12-01,-22.0,13.0,-22.0,-15.0,-17.0,10.0
291,CO,Colombia,,,,,,ChIJo5QVrjqkFY4RQKPy7wSaDZo,2020-12-02,-23.0,10.0,-22.0,-18.0,-18.0,10.0
292,CO,Colombia,,,,,,ChIJo5QVrjqkFY4RQKPy7wSaDZo,2020-12-03,-22.0,11.0,-19.0,-18.0,-19.0,10.0
293,CO,Colombia,,,,,,ChIJo5QVrjqkFY4RQKPy7wSaDZo,2020-12-04,-21.0,13.0,-19.0,-12.0,-13.0,9.0
294,CO,Colombia,,,,,,ChIJo5QVrjqkFY4RQKPy7wSaDZo,2020-12-05,-17.0,13.0,-15.0,1.0,6.0,4.0
295,CO,Colombia,,,,,,ChIJo5QVrjqkFY4RQKPy7wSaDZo,2020-12-06,-19.0,6.0,-15.0,2.0,16.0,4.0
296,CO,Colombia,,,,,,ChIJo5QVrjqkFY4RQKPy7wSaDZo,2020-12-07,-17.0,22.0,-7.0,-11.0,-17.0,7.0
297,CO,Colombia,,,,,,ChIJo5QVrjqkFY4RQKPy7wSaDZo,2020-12-08,-38.0,-12.0,-25.0,-43.0,-56.0,17.0
298,CO,Colombia,,,,,,ChIJo5QVrjqkFY4RQKPy7wSaDZo,2020-12-09,-27.0,2.0,-23.0,-19.0,-18.0,9.0
299,CO,Colombia,,,,,,ChIJo5QVrjqkFY4RQKPy7wSaDZo,2020-12-10,-25.0,6.0,-19.0,-19.0,-19.0,10.0
300,CO,Colombia,,,,,,ChIJo5QVrjqkFY4RQKPy7wSaDZo,2020-12-11,-25.0,7.0,-21.0,-16.0,-13.0,10.0
301,CO,Colombia,,,,,,ChIJo5QVrjqkFY4RQKPy7wSaDZo,2020-12-12,-22.0,7.0,-16.0,-5.0,6.0,5.0
302,CO,Colombia,,,,,,ChIJo5QVrjqkFY4RQKPy7wSaDZo,2020-12-13,-23.0,1.0,-14.0,2.0,17.0,5.0
303,CO,Colombia,,,,,,ChIJo5QVrjqkFY4RQKPy7wSaDZo,2020-12-14,-24.0,6.0,-22.0,-17.0,-17.0,10.0
304,CO,Colombia,,,,,,ChIJo5QVrjqkFY4RQKPy7wSaDZo,2020-12-15,-21.0,12.0,-18.0,-14.0,-16.0,9.0
305,CO,Colombia,,,,,,ChIJo5QVrjqkFY4RQKPy7wSaDZo,2020-12-16,-21.0,12.0,-16.0,-15.0,-16.0,8.0
306,CO,Colombia,,,,,,ChIJo5QVrjqkFY4RQKPy7wSaDZo,2020-12-17,-20.0,14.0,-16.0,-16.0,-18.0,9.0
307,CO,Colombia,,,,,,ChIJo5QVrjqkFY4RQKPy7wSaDZo,2020-12-18,-21.0,15.0,-18.0,-13.0,-12.0,9.0
308,CO,Colombia,,,,,,ChIJo5QVrjqkFY4RQKPy7wSaDZo,2020-12-19,-18.0,16.0,-14.0,3.0,8.0,4.0
309,CO,Colombia,,,,,,ChIJo5QVrjqkFY4RQKPy7wSaDZo,2020-12-20,-15.0,14.0,-11.0,15.0,23.0,3.0
310,CO,Colombia,,,,,,ChIJo5QVrjqkFY4RQKPy7wSaDZo,2020-12-21,-16.0,19.0,-14.0,-9.0,-16.0,8.0
311,CO,Colombia,,,,,,ChIJo5QVrjqkFY4RQKPy7wSaDZo,2020-12-22,-14.0,25.0,-11.0,-7.0,-16.0,8.0
312,CO,Colombia,,,,,,ChIJo5QVrjqkFY4RQKPy7wSaDZo,2020-12-23,-11.0,32.0,-5.0,-6.0,-17.0,5.0
313,CO,Colombia,,,,,,ChIJo5QVrjqkFY4RQKPy7wSaDZo,2020-12-24,-17.0,43.0,-1.0,-16.0,-29.0,7.0
314,CO,Colombia,,,,,,ChIJo5QVrjqkFY4RQKPy7wSaDZo,2020-12-25,-70.0,-53.0,-51.0,-66.0,-73.0,24.0
315,CO,Colombia,,,,,,ChIJo5QVrjqkFY4RQKPy7wSaDZo,2020-12-26,-37.0,-7.0,-26.0,-28.0,-16.0,9.0
316,CO,Colombia,,,,,,ChIJo5QVrjqkFY4RQKPy7wSaDZo,2020-12-27,-36.0,-12.0,-24.0,-14.0,10.0,7.0
317,CO,Colombia,,,,,,ChIJo5QVrjqkFY4RQKPy7wSaDZo,2020-12-28,-24.0,9.0,-19.0,-21.0,-22.0,11.0
318,CO,Colombia,,,,,,ChIJo5QVrjqkFY4RQKPy7wSaDZo,2020-12-29,-20.0,17.0,-12.0,-18.0,-22.0,10.0
319,CO,Colombia,,,,,,ChIJo5QVrjqkFY4RQKPy7wSaDZo,2020-12-30,-17.0,26.0,-5.0,-17.0,-24.0,7.0
320,CO,Colombia,,,,,,ChIJo5QVrjqkFY4RQKPy7wSaDZo,2020-12-31,-27.0,34.0,1.0,-28.0,-39.0,9.0
0,CO,Colombia,,,,,,ChIJo5QVrjqkFY4RQKPy7wSaDZo,2021-01-01,-76.0,-61.0,-48.0,-71.0,-76.0,25.0
1,CO,Colombia,,,,,,ChIJo5QVrjqkFY4RQKPy7wSaDZo,2021-01-02,-58.0,-29.0,-36.0,-52.0,-42.0,16.0
2,CO,Colombia,,,,,,ChIJo5QVrjqkFY4RQKPy7wSaDZo,2021-01-03,-43.0,-18.0,-21.0,-19.0,-6.0,6.0
3,CO,Colombia,,,,,,ChIJo5QVrjqkFY4RQKPy7wSaDZo,2021-01-04,-30.0,5.0,-19.0,-28.0,-29.0,12.0
4,CO,Colombia,,,,,,ChIJo5QVrjqkFY4RQKPy7wSaDZo,2021-01-05,-33.0,1.0,-21.0,-31.0,-29.0,14.0
5,CO,Colombia,,,,,,ChIJo5QVrjqkFY4RQKPy7wSaDZo,2021-01-06,-35.0,-4.0,-22.0,-34.0,-30.0,13.0
6,CO,Colombia,,,,,,ChIJo5QVrjqkFY4RQKPy7wSaDZo,2021-01-07,-34.0,3.0,-21.0,-32.0,-30.0,13.0
7,CO,Colombia,,,,,,ChIJo5QVrjqkFY4RQKPy7wSaDZo,2021-01-08,-48.0,-10.0,-36.0,-45.0,-34.0,19.0
8,CO,Colombia,,,,,,ChIJo5QVrjqkFY4RQKPy7wSaDZo,2021-01-09,-65.0,-36.0,-51.0,-55.0,-31.0,20.0
9,CO,Colombia,,,,,,ChIJo5QVrjqkFY4RQKPy7wSaDZo,2021-01-10,-67.0,-43.0,-51.0,-53.0,-20.0,17.0
10,CO,Colombia,,,,,,ChIJo5QVrjqkFY4RQKPy7wSaDZo,2021-01-11,-68.0,-45.0,-52.0,-66.0,-69.0,27.0
11,CO,Colombia,,,,,,ChIJo5QVrjqkFY4RQKPy7wSaDZo,2021-01-12,-36.0,-2.0,-26.0,-29.0,-24.0,12.0
12,CO,Colombia,,,,,,ChIJo5QVrjqkFY4RQKPy7wSaDZo,2021-01-13,-39.0,-9.0,-31.0,-34.0,-29.0,11.0
13,CO,Colombia,,,,,,ChIJo5QVrjqkFY4RQKPy7wSaDZo,2021-01-14,-40.0,-10.0,-33.0,-36.0,-32.0,12.0
14,CO,Colombia,,,,,,ChIJo5QVrjqkFY4RQKPy7wSaDZo,2021-01-15,-44.0,-9.0,-37.0,-37.0,-31.0,13.0
15,CO,Colombia,,,,,,ChIJo5QVrjqkFY4RQKPy7wSaDZo,2021-01-16,-59.0,-28.0,-49.0,-52.0,-28.0,16.0
16,CO,Colombia,,,,,,ChIJo5QVrjqkFY4RQKPy7wSaDZo,2021-01-17,-65.0,-41.0,-52.0,-52.0,-23.0,14.0
17,CO,Colombia,,,,,,ChIJo5QVrjqkFY4RQKPy7wSaDZo,2021-01-18,-39.0,-9.0,-35.0,-33.0,-29.0,11.0
18,CO,Colombia,,,,,,ChIJo5QVrjqkFY4RQKPy7wSaDZo,2021-01-19,-39.0,-10.0,-34.0,-33.0,-29.0,13.0
19,CO,Colombia,,,,,,ChIJo5QVrjqkFY4RQKPy7wSaDZo,2021-01-20,-40.0,-13.0,-34.0,-35.0,-29.0,12.0
20,CO,Colombia,,,,,,ChIJo5QVrjqkFY4RQKPy7wSaDZo,2021-01-21,-39.0,-11.0,-34.0,-36.0,-30.0,13.0
21,CO,Colombia,,,,,,ChIJo5QVrjqkFY4RQKPy7wSaDZo,2021-01-22,-40.0,-10.0,-37.0,-32.0,-25.0,13.0
22,CO,Colombia,,,,,,ChIJo5QVrjqkFY4RQKPy7wSaDZo,2021-01-23,-50.0,-21.0,-43.0,-40.0,-18.0,13.0
23,CO,Colombia,,,,,,ChIJo5QVrjqkFY4RQKPy7wSaDZo,2021-01-24,-57.0,-36.0,-46.0,-41.0,-16.0,11.0
24,CO,Colombia,,,,,,ChIJo5QVrjqkFY4RQKPy7wSaDZo,2021-01-25,-38.0,-11.0,-36.0,-31.0,-26.0,12.0
25,CO,Colombia,,,,,,ChIJo5QVrjqkFY4RQKPy7wSaDZo,2021-01-26,-38.0,-9.0,-34.0,-31.0,-26.0,13.0
26,CO,Colombia,,,,,,ChIJo5QVrjqkFY4RQKPy7wSaDZo,2021-01-27,-38.0,-11.0,-32.0,-32.0,-26.0,12.0
27,CO,Colombia,,,,,,ChIJo5QVrjqkFY4RQKPy7wSaDZo,2021-01-28,-37.0,-7.0,-31.0,-31.0,-27.0,12.0
28,CO,Colombia,,,,,,ChIJo5QVrjqkFY4RQKPy7wSaDZo,2021-01-29,-33.0,1.0,-30.0,-26.0,-21.0,11.0
29,CO,Colombia,,,,,,ChIJo5QVrjqkFY4RQKPy7wSaDZo,2021-01-30,-30.0,5.0,-26.0,-17.0,-5.0,6.0
30,CO,Colombia,,,,,,ChIJo5QVrjqkFY4RQKPy7wSaDZo,2021-01-31,-35.0,-4.0,-28.0,-17.0,-2.0,5.0
31,CO,Colombia,,,,,,ChIJo5QVrjqkFY4RQKPy7wSaDZo,2021-02-01,-33.0,2.0,-30.0,-25.0,-24.0,10.0
32,CO,Colombia,,,,,,ChIJo5QVrjqkFY4RQKPy7wSaDZo,2021-02-02,-31.0,5.0,-27.0,-24.0,-24.0,11.0
33,CO,Colombia,,,,,,ChIJo5QVrjqkFY4RQKPy7wSaDZo,2021-02-03,-34.0,-3.0,-30.0,-29.0,-25.0,10.0
34,CO,Colombia,,,,,,ChIJo5QVrjqkFY4RQKPy7wSaDZo,2021-02-04,-33.0,-2.0,-30.0,-30.0,-26.0,11.0
35,CO,Colombia,,,,,,ChIJo5QVrjqkFY4RQKPy7wSaDZo,2021-02-05,-33.0,0.0,-32.0,-28.0,-20.0,11.0
36,CO,Colombia,,,,,,ChIJo5QVrjqkFY4RQKPy7wSaDZo,2021-02-06,-31.0,0.0,-29.0,-19.0,-4.0,6.0
37,CO,Colombia,,,,,,ChIJo5QVrjqkFY4RQKPy7wSaDZo,2021-02-07,-36.0,-11.0,-27.0,-18.0,-2.0,5.0
38,CO,Colombia,,,,,,ChIJo5QVrjqkFY4RQKPy7wSaDZo,2021-02-08,-35.0,-4.0,-35.0,-27.0,-24.0,11.0
39,CO,Colombia,,,,,,ChIJo5QVrjqkFY4RQKPy7wSaDZo,2021-02-09,-34.0,-2.0,-33.0,-25.0,-23.0,12.0
40,CO,Colombia,,,,,,ChIJo5QVrjqkFY4RQKPy7wSaDZo,2021-02-10,-34.0,-5.0,-32.0,-28.0,-23.0,11.0
41,CO,Colombia,,,,,,ChIJo5QVrjqkFY4RQKPy7wSaDZo,2021-02-11,-33.0,-3.0,-29.0,-29.0,-24.0,11.0
42,CO,Colombia,,,,,,ChIJo5QVrjqkFY4RQKPy7wSaDZo,2021-02-12,-34.0,-2.0,-33.0,-26.0,-19.0,11.0
43,CO,Colombia,,,,,,ChIJo5QVrjqkFY4RQKPy7wSaDZo,2021-02-13,-30.0,2.0,-27.0,-18.0,-4.0,6.0
44,CO,Colombia,,,,,,ChIJo5QVrjqkFY4RQKPy7wSaDZo,2021-02-14,-36.0,-11.0,-29.0,-17.0,-1.0,6.0
45,CO,Colombia,,,,,,ChIJo5QVrjqkFY4RQKPy7wSaDZo,2021-02-15,-31.0,4.0,-32.0,-24.0,-21.0,10.0
46,CO,Colombia,,,,,,ChIJo5QVrjqkFY4RQKPy7wSaDZo,2021-02-16,-29.0,8.0,-27.0,-21.0,-20.0,11.0
47,CO,Colombia,,,,,,ChIJo5QVrjqkFY4RQKPy7wSaDZo,2021-02-17,-30.0,4.0,-25.0,-23.0,-21.0,10.0
48,CO,Colombia,,,,,,ChIJo5QVrjqkFY4RQKPy7wSaDZo,2021-02-18,-31.0,2.0,-29.0,-24.0,-22.0,11.0
49,CO,Colombia,,,,,,ChIJo5QVrjqkFY4RQKPy7wSaDZo,2021-02-19,-30.0,4.0,-30.0,-21.0,-16.0,10.0
50,CO,Colombia,,,,,,ChIJo5QVrjqkFY4RQKPy7wSaDZo,2021-02-20,-25.0,8.0,-25.0,-13.0,-1.0,5.0
51,CO,Colombia,,,,,,ChIJo5QVrjqkFY4RQKPy7wSaDZo,2021-02-21,-31.0,-3.0,-24.0,-11.0,1.0,4.0
52,CO,Colombia,,,,,,ChIJo5QVrjqkFY4RQKPy7wSaDZo,2021-02-22,-31.0,3.0,-32.0,-22.0,-19.0,10.0
53,CO,Colombia,,,,,,ChIJo5QVrjqkFY4RQKPy7wSaDZo,2021-02-23,-30.0,6.0,-28.0,-20.0,-18.0,11.0
54,CO,Colombia,,,,,,ChIJo5QVrjqkFY4RQKPy7wSaDZo,2021-02-24,-31.0,1.0,-28.0,-23.0,-20.0,10.0
55,CO,Colombia,,,,,,ChIJo5QVrjqkFY4RQKPy7wSaDZo,2021-02-25,-29.0,5.0,-27.0,-23.0,-21.0,10.0
56,CO,Colombia,,,,,,ChIJo5QVrjqkFY4RQKPy7wSaDZo,2021-02-26,-26.0,11.0,-27.0,-18.0,-14.0,9.0
57,CO,Colombia,,,,,,ChIJo5QVrjqkFY4RQKPy7wSaDZo,2021-02-27,-21.0,17.0,-22.0,-7.0,1.0,4.0
58,CO,Colombia,,,,,,ChIJo5QVrjqkFY4RQKPy7wSaDZo,2021-02-28,-23.0,10.0,-19.0,-1.0,5.0,3.0
59,CO,Colombia,,,,,,ChIJo5QVrjqkFY4RQKPy7wSaDZo,2021-03-01,-27.0,11.0,-31.0,-17.0,-18.0,9.0
60,CO,Colombia,,,,,,ChIJo5QVrjqkFY4RQKPy7wSaDZo,2021-03-02,-26.0,14.0,-27.0,-16.0,-17.0,10.0
61,CO,Colombia,,,,,,ChIJo5QVrjqkFY4RQKPy7wSaDZo,2021-03-03,-26.0,10.0,-25.0,-19.0,-19.0,9.0
62,CO,Colombia,,,,,,ChIJo5QVrjqkFY4RQKPy7wSaDZo,2021-03-04,-28.0,7.0,-27.0,-21.0,-20.0,10.0
63,CO,Colombia,,,,,,ChIJo5QVrjqkFY4RQKPy7wSaDZo,2021-03-05,-25.0,13.0,-25.0,-15.0,-14.0,9.0
64,CO,Colombia,,,,,,ChIJo5QVrjqkFY4RQKPy7wSaDZo,2021-03-06,-20.0,15.0,-20.0,-6.0,1.0,4.0
65,CO,Colombia,,,,,,ChIJo5QVrjqkFY4RQKPy7wSaDZo,2021-03-07,-26.0,3.0,-22.0,-7.0,4.0,4.0
66,CO,Colombia,,,,,,ChIJo5QVrjqkFY4RQKPy7wSaDZo,2021-03-08,-22.0,12.0,-25.0,-16.0,-17.0,9.0
67,CO,Colombia,,,,,,ChIJo5QVrjqkFY4RQKPy7wSaDZo,2021-03-09,-28.0,8.0,-27.0,-18.0,-17.0,10.0
68,CO,Colombia,,,,,,ChIJo5QVrjqkFY4RQKPy7wSaDZo,2021-03-10,-31.0,3.0,-29.0,-20.0,-19.0,10.0
69,CO,Colombia,,,,,,ChIJo5QVrjqkFY4RQKPy7wSaDZo,2021-03-11,-30.0,3.0,-30.0,-20.0,-19.0,10.0
70,CO,Colombia,,,,,,ChIJo5QVrjqkFY4RQKPy7wSaDZo,2021-03-12,-29.0,6.0,-30.0,-16.0,-13.0,10.0
71,CO,Colombia,,,,,,ChIJo5QVrjqkFY4RQKPy7wSaDZo,2021-03-13,-23.0,12.0,-24.0,-8.0,2.0,5.0
72,CO,Colombia,,,,,,ChIJo5QVrjqkFY4RQKPy7wSaDZo,2021-03-14,-28.0,1.0,-24.0,-7.0,5.0,5.0
73,CO,Colombia,,,,,,ChIJo5QVrjqkFY4RQKPy7wSaDZo,2021-03-15,-29.0,7.0,-32.0,-15.0,-16.0,10.0
74,CO,Colombia,,,,,,ChIJo5QVrjqkFY4RQKPy7wSaDZo,2021-03-16,-26.0,14.0,-26.0,-13.0,-15.0,10.0
75,CO,Colombia,,,,,,ChIJo5QVrjqkFY4RQKPy7wSaDZo,2021-03-17,-28.0,9.0,-27.0,-16.0,-16.0,10.0
76,CO,Colombia,,,,,,ChIJo5QVrjqkFY4RQKPy7wSaDZo,2021-03-18,-28.0,9.0,-27.0,-17.0,-18.0,10.0
77,CO,Colombia,,,,,,ChIJo5QVrjqkFY4RQKPy7wSaDZo,2021-03-19,-23.0,15.0,-23.0,-10.0,-11.0,9.0
78,CO,Colombia,,,,,,ChIJo5QVrjqkFY4RQKPy7wSaDZo,2021-03-20,-22.0,15.0,-19.0,-3.0,2.0,4.0
79,CO,Colombia,,,,,,ChIJo5QVrjqkFY4RQKPy7wSaDZo,2021-03-21,-24.0,5.0,-12.0,-4.0,6.0,3.0
80,CO,Colombia,,,,,,ChIJo5QVrjqkFY4RQKPy7wSaDZo,2021-03-22,-41.0,-10.0,-31.0,-44.0,-62.0,17.0
81,CO,Colombia,,,,,,ChIJo5QVrjqkFY4RQKPy7wSaDZo,2021-03-23,-29.0,10.0,-26.0,-12.0,-14.0,9.0
82,CO,Colombia,,,,,,ChIJo5QVrjqkFY4RQKPy7wSaDZo,2021-03-24,-30.0,5.0,-28.0,-17.0,-17.0,10.0
83,CO,Colombia,,,,,,ChIJo5QVrjqkFY4RQKPy7wSaDZo,2021-03-25,-26.0,11.0,-22.0,-15.0,-17.0,9.0
84,CO,Colombia,,,,,,ChIJo5QVrjqkFY4RQKPy7wSaDZo,2021-03-26,-26.0,13.0,-26.0,-12.0,-11.0,10.0
85,CO,Colombia,,,,,,ChIJo5QVrjqkFY4RQKPy7wSaDZo,2021-03-27,-24.0,14.0,-22.0,-5.0,5.0,5.0
86,CO,Colombia,,,,,,ChIJo5QVrjqkFY4RQKPy7wSaDZo,2021-03-28,-27.0,5.0,-17.0,-5.0,11.0,5.0
87,CO,Colombia,,,,,,ChIJo5QVrjqkFY4RQKPy7wSaDZo,2021-03-29,-23.0,16.0,-21.0,-14.0,-18.0,9.0
88,CO,Colombia,,,,,,ChIJo5QVrjqkFY4RQKPy7wSaDZo,2021-03-30,-18.0,24.0,-13.0,-10.0,-18.0,8.0
89,CO,Colombia,,,,,,ChIJo5QVrjqkFY4RQKPy7wSaDZo,2021-03-31,-15.0,31.0,-7.0,-8.0,-24.0,6.0
90,CO,Colombia,,,,,,ChIJo5QVrjqkFY4RQKPy7wSaDZo,2021-04-01,-41.0,5.0,-15.0,-45.0,-63.0,17.0
91,CO,Colombia,,,,,,ChIJo5QVrjqkFY4RQKPy7wSaDZo,2021-04-02,-59.0,-29.0,-34.0,-62.0,-70.0,25.0
92,CO,Colombia,,,,,,ChIJo5QVrjqkFY4RQKPy7wSaDZo,2021-04-03,-34.0,3.0,-20.0,-30.0,-24.0,8.0
93,CO,Colombia,,,,,,ChIJo5QVrjqkFY4RQKPy7wSaDZo,2021-04-04,-36.0,-5.0,-24.0,-12.0,1.0,4.0
94,CO,Colombia,,,,,,ChIJo5QVrjqkFY4RQKPy7wSaDZo,2021-04-05,-26.0,15.0,-24.0,-13.0,-17.0,10.0
95,CO,Colombia,,,,,,ChIJo5QVrjqkFY4RQKPy7wSaDZo,2021-04-06,-28.0,13.0,-24.0,-14.0,-16.0,11.0
96,CO,Colombia,,,,,,ChIJo5QVrjqkFY4RQKPy7wSaDZo,2021-04-07,-31.0,8.0,-25.0,-18.0,-19.0,11.0
97,CO,Colombia,,,,,,ChIJo5QVrjqkFY4RQKPy7wSaDZo,2021-04-08,-28.0,13.0,-24.0,-18.0,-18.0,11.0
98,CO,Colombia,,,,,,ChIJo5QVrjqkFY4RQKPy7wSaDZo,2021-04-09,-35.0,3.0,-33.0,-21.0,-19.0,14.0
99,CO,Colombia,,,,,,ChIJo5QVrjqkFY4RQKPy7wSaDZo,2021-04-10,-52.0,-17.0,-43.0,-44.0,-17.0,16.0
100,CO,Colombia,,,,,,ChIJo5QVrjqkFY4RQKPy7wSaDZo,2021-04-11,-55.0,-26.0,-42.0,-45.0,-12.0,14.0
101,CO,Colombia,,,,,,ChIJo5QVrjqkFY4RQKPy7wSaDZo,2021-04-12,-40.0,-4.0,-35.0,-34.0,-25.0,15.0
102,CO,Colombia,,,,,,ChIJo5QVrjqkFY4RQKPy7wSaDZo,2021-04-13,-28.0,9.0,-24.0,-13.0,-15.0,11.0
103,CO,Colombia,,,,,,ChIJo5QVrjqkFY4RQKPy7wSaDZo,2021-04-14,-28.0,5.0,-25.0,-17.0,-18.0,11.0
104,CO,Colombia,,,,,,ChIJo5QVrjqkFY4RQKPy7wSaDZo,2021-04-15,-23.0,15.0,-21.0,-12.0,-17.0,10.0
105,CO,Colombia,,,,,,ChIJo5QVrjqkFY4RQKPy7wSaDZo,2021-04-16,-43.0,2.0,-36.0,-39.0,-25.0,17.0
106,CO,Colombia,,,,,,ChIJo5QVrjqkFY4RQKPy7wSaDZo,2021-04-17,-51.0,-11.0,-42.0,-41.0,-17.0,16.0
107,CO,Colombia,,,,,,ChIJo5QVrjqkFY4RQKPy7wSaDZo,2021-04-18,-57.0,-25.0,-45.0,-43.0,-15.0,15.0
108,CO,Colombia,,,,,,ChIJo5QVrjqkFY4RQKPy7wSaDZo,2021-04-19,-25.0,12.0,-24.0,-13.0,-15.0,10.0
109,CO,Colombia,,,,,,ChIJo5QVrjqkFY4RQKPy7wSaDZo,2021-04-20,-28.0,10.0,-25.0,-12.0,-15.0,12.0
110,CO,Colombia,,,,,,ChIJo5QVrjqkFY4RQKPy7wSaDZo,2021-04-21,-27.0,9.0,-23.0,-15.0,-17.0,11.0
111,CO,Colombia,,,,,,ChIJo5QVrjqkFY4RQKPy7wSaDZo,2021-04-22,-25.0,12.0,-21.0,-13.0,-17.0,11.0
112,CO,Colombia,,,,,,ChIJo5QVrjqkFY4RQKPy7wSaDZo,2021-04-23,-46.0,-2.0,-37.0,-39.0,-26.0,19.0
113,CO,Colombia,,,,,,ChIJo5QVrjqkFY4RQKPy7wSaDZo,2021-04-24,-51.0,-11.0,-40.0,-39.0,-16.0,16.0
114,CO,Colombia,,,,,,ChIJo5QVrjqkFY4RQKPy7wSaDZo,2021-04-25,-56.0,-23.0,-43.0,-40.0,-12.0,14.0
115,CO,Colombia,,,,,,ChIJo5QVrjqkFY4RQKPy7wSaDZo,2021-04-26,-28.0,8.0,-27.0,-14.0,-15.0,11.0
116,CO,Colombia,,,,,,ChIJo5QVrjqkFY4RQKPy7wSaDZo,2021-04-27,-29.0,8.0,-29.0,-13.0,-16.0,13.0
117,CO,Colombia,,,,,,ChIJo5QVrjqkFY4RQKPy7wSaDZo,2021-04-28,-46.0,-13.0,-32.0,-36.0,-32.0,19.0
118,CO,Colombia,,,,,,ChIJo5QVrjqkFY4RQKPy7wSaDZo,2021-04-29,-35.0,3.0,-31.0,-26.0,-24.0,15.0
119,CO,Colombia,,,,,,ChIJo5QVrjqkFY4RQKPy7wSaDZo,2021-04-30,-46.0,4.0,-38.0,-37.0,-30.0,20.0
120,CO,Colombia,,,,,,ChIJo5QVrjqkFY4RQKPy7wSaDZo,2021-05-01,-60.0,-19.0,-44.0,-48.0,-44.0,22.0
121,CO,Colombia,,,,,,ChIJo5QVrjqkFY4RQKPy7wSaDZo,2021-05-02,-60.0,-24.0,-51.0,-43.0,-21.0,17.0
122,CO,Colombia,,,,,,ChIJo5QVrjqkFY4RQKPy7wSaDZo,2021-05-03,-31.0,15.0,-28.0,-22.0,-23.0,15.0
123,CO,Colombia,,,,,,ChIJo5QVrjqkFY4RQKPy7wSaDZo,2021-05-04,-29.0,20.0,-23.0,-21.0,-21.0,15.0
124,CO,Colombia,,,,,,ChIJo5QVrjqkFY4RQKPy7wSaDZo,2021-05-05,-42.0,1.0,-30.0,-40.0,-34.0,20.0
125,CO,Colombia,,,,,,ChIJo5QVrjqkFY4RQKPy7wSaDZo,2021-05-06,-32.0,9.0,-28.0,-33.0,-26.0,17.0
126,CO,Colombia,,,,,,ChIJo5QVrjqkFY4RQKPy7wSaDZo,2021-05-07,-30.0,9.0,-27.0,-29.0,-19.0,16.0
127,CO,Colombia,,,,,,ChIJo5QVrjqkFY4RQKPy7wSaDZo,2021-05-08,-36.0,0.0,-34.0,-29.0,-8.0,13.0
128,CO,Colombia,,,,,,ChIJo5QVrjqkFY4RQKPy7wSaDZo,2021-05-09,-32.0,-3.0,-29.0,-24.0,3.0,10.0
129,CO,Colombia,,,,,,ChIJo5QVrjqkFY4RQKPy7wSaDZo,2021-05-10,-29.0,5.0,-29.0,-26.0,-21.0,15.0
130,CO,Colombia,,,,,,ChIJo5QVrjqkFY4RQKPy7wSaDZo,2021-05-11,-25.0,11.0,-23.0,-21.0,-18.0,14.0
131,CO,Colombia,,,,,,ChIJo5QVrjqkFY4RQKPy7wSaDZo,2021-05-12,-33.0,2.0,-23.0,-35.0,-26.0,17.0
132,CO,Colombia,,,,,,ChIJo5QVrjqkFY4RQKPy7wSaDZo,2021-05-13,-25.0,9.0,-21.0,-24.0,-20.0,13.0
133,CO,Colombia,,,,,,ChIJo5QVrjqkFY4RQKPy7wSaDZo,2021-05-14,-23.0,15.0,-21.0,-18.0,-15.0,13.0
134,CO,Colombia,,,,,,ChIJo5QVrjqkFY4RQKPy7wSaDZo,2021-05-15,-21.0,16.0,-20.0,-11.0,0.0,8.0
135,CO,Colombia,,,,,,ChIJo5QVrjqkFY4RQKPy7wSaDZo,2021-05-16,-24.0,5.0,-19.0,-12.0,8.0,7.0
136,CO,Colombia,,,,,,ChIJo5QVrjqkFY4RQKPy7wSaDZo,2021-05-17,-39.0,-10.0,-34.0,-45.0,-62.0,21.0
137,CO,Colombia,,,,,,ChIJo5QVrjqkFY4RQKPy7wSaDZo,2021-05-18,-22.0,19.0,-19.0,-15.0,-14.0,12.0
138,CO,Colombia,,,,,,ChIJo5QVrjqkFY4RQKPy7wSaDZo,2021-05-19,-27.0,9.0,-17.0,-31.0,-21.0,15.0
139,CO,Colombia,,,,,,ChIJo5QVrjqkFY4RQKPy7wSaDZo,2021-05-20,-20.0,14.0,-15.0,-20.0,-17.0,12.0
140,CO,Colombia,,,,,,ChIJo5QVrjqkFY4RQKPy7wSaDZo,2021-05-21,-21.0,15.0,-17.0,-15.0,-10.0,13.0
141,CO,Colombia,,,,,,ChIJo5QVrjqkFY4RQKPy7wSaDZo,2021-05-22,-19.0,14.0,-16.0,-6.0,6.0,8.0
142,CO,Colombia,,,,,,ChIJo5QVrjqkFY4RQKPy7wSaDZo,2021-05-23,-23.0,3.0,-17.0,-6.0,10.0,8.0
143,CO,Colombia,,,,,,ChIJo5QVrjqkFY4RQKPy7wSaDZo,2021-05-24,-23.0,10.0,-21.0,-16.0,-15.0,13.0
144,CO,Colombia,,,,,,ChIJo5QVrjqkFY4RQKPy7wSaDZo,2021-05-25,-21.0,13.0,-17.0,-13.0,-13.0,13.0
145,CO,Colombia,,,,,,ChIJo5QVrjqkFY4RQKPy7wSaDZo,2021-05-26,-22.0,11.0,-16.0,-22.0,-18.0,14.0
146,CO,Colombia,,,,,,ChIJo5QVrjqkFY4RQKPy7wSaDZo,2021-05-27,-18.0,15.0,-15.0,-16.0,-16.0,12.0
147,CO,Colombia,,,,,,ChIJo5QVrjqkFY4RQKPy7wSaDZo,2021-05-28,-24.0,13.0,-18.0,-22.0,-14.0,16.0
148,CO,Colombia,,,,,,ChIJo5QVrjqkFY4RQKPy7wSaDZo,2021-05-29,-14.0,24.0,-16.0,-5.0,7.0,8.0
149,CO,Colombia,,,,,,ChIJo5QVrjqkFY4RQKPy7wSaDZo,2021-05-30,-15.0,14.0,-16.0,0.0,13.0,7.0
150,CO,Colombia,,,,,,ChIJo5QVrjqkFY4RQKPy7wSaDZo,2021-05-31,-12.0,27.0,-14.0,-9.0,-12.0,12.0
151,CO,Colombia,,,,,,ChIJo5QVrjqkFY4RQKPy7wSaDZo,2021-06-01,-10.0,30.0,-9.0,-6.0,-12.0,12.0
152,CO,Colombia,,,,,,ChIJo5QVrjqkFY4RQKPy7wSaDZo,2021-06-02,-15.0,22.0,-8.0,-12.0,-16.0,12.0
153,CO,Colombia,,,,,,ChIJo5QVrjqkFY4RQKPy7wSaDZo,2021-06-03,-12.0,24.0,-9.0,-10.0,-14.0,11.0
154,CO,Colombia,,,,,,ChIJo5QVrjqkFY4RQKPy7wSaDZo,2021-06-04,-11.0,27.0,-9.0,-5.0,-7.0,11.0
155,CO,Colombia,,,,,,ChIJo5QVrjqkFY4RQKPy7wSaDZo,2021-06-05,-7.0,29.0,-5.0,7.0,9.0,6.0
156,CO,Colombia,,,,,,ChIJo5QVrjqkFY4RQKPy7wSaDZo,2021-06-06,-12.0,14.0,-6.0,4.0,11.0,6.0
157,CO,Colombia,,,,,,ChIJo5QVrjqkFY4RQKPy7wSaDZo,2021-06-07,-25.0,5.0,-14.0,-35.0,-62.0,19.0
158,CO,Colombia,,,,,,ChIJo5QVrjqkFY4RQKPy7wSaDZo,2021-06-08,-18.0,16.0,-17.0,-5.0,-11.0,11.0
159,CO,Colombia,,,,,,ChIJo5QVrjqkFY4RQKPy7wSaDZo,2021-06-09,-20.0,13.0,-16.0,-18.0,-17.0,13.0
160,CO,Colombia,,,,,,ChIJo5QVrjqkFY4RQKPy7wSaDZo,2021-06-10,-12.0,22.0,-8.0,-7.0,-14.0,11.0
161,CO,Colombia,,,,,,ChIJo5QVrjqkFY4RQKPy7wSaDZo,2021-06-11,-15.0,20.0,-14.0,-4.0,-8.0,11.0
162,CO,Colombia,,,,,,ChIJo5QVrjqkFY4RQKPy7wSaDZo,2021-06-12,-11.0,22.0,-9.0,6.0,7.0,5.0
163,CO,Colombia,,,,,,ChIJo5QVrjqkFY4RQKPy7wSaDZo,2021-06-13,-16.0,8.0,-9.0,0.0,10.0,6.0
164,CO,Colombia,,,,,,ChIJo5QVrjqkFY4RQKPy7wSaDZo,2021-06-14,-28.0,-3.0,-20.0,-37.0,-63.0,18.0
165,CO,Colombia,,,,,,ChIJo5QVrjqkFY4RQKPy7wSaDZo,2021-06-15,-11.0,27.0,-10.0,-1.0,-11.0,9.0
166,CO,Colombia,,,,,,ChIJo5QVrjqkFY4RQKPy7wSaDZo,2021-06-16,-8.0,27.0,-5.0,-4.0,-15.0,8.0
167,CO,Colombia,,,,,,ChIJo5QVrjqkFY4RQKPy7wSaDZo,2021-06-17,-12.0,22.0,-11.0,-10.0,-17.0,9.0
168,CO,Colombia,,,,,,ChIJo5QVrjqkFY4RQKPy7wSaDZo,2021-06-18,-11.0,25.0,-11.0,-7.0,-10.0,9.0
169,CO,Colombia,,,,,,ChIJo5QVrjqkFY4RQKPy7wSaDZo,2021-06-19,-5.0,29.0,-7.0,7.0,6.0,4.0
170,CO,Colombia,,,,,,ChIJo5QVrjqkFY4RQKPy7wSaDZo,2021-06-20,-13.0,11.0,-18.0,4.0,10.0,4.0
171,CO,Colombia,,,,,,ChIJo5QVrjqkFY4RQKPy7wSaDZo,2021-06-21,-12.0,23.0,-11.0,-6.0,-16.0,10.0
172,CO,Colombia,,,,,,ChIJo5QVrjqkFY4RQKPy7wSaDZo,2021-06-22,-13.0,22.0,-10.0,-6.0,-14.0,10.0
173,CO,Colombia,,,,,,ChIJo5QVrjqkFY4RQKPy7wSaDZo,2021-06-23,-15.0,14.0,-13.0,-8.0,-17.0,10.0
174,CO,Colombia,,,,,,ChIJo5QVrjqkFY4RQKPy7wSaDZo,2021-06-24,-13.0,18.0,-10.0,-10.0,-17.0,10.0
175,CO,Colombia,,,,,,ChIJo5QVrjqkFY4RQKPy7wSaDZo,2021-06-25,-11.0,23.0,-12.0,-5.0,-10.0,10.0
176,CO,Colombia,,,,,,ChIJo5QVrjqkFY4RQKPy7wSaDZo,2021-06-26,-7.0,25.0,-8.0,5.0,7.0,5.0
177,CO,Colombia,,,,,,ChIJo5QVrjqkFY4RQKPy7wSaDZo,2021-06-27,-9.0,15.0,-7.0,8.0,11.0,5.0
178,CO,Colombia,,,,,,ChIJo5QVrjqkFY4RQKPy7wSaDZo,2021-06-28,-10.0,24.0,-9.0,-4.0,-14.0,8.0
179,CO,Colombia,,,,,,ChIJo5QVrjqkFY4RQKPy7wSaDZo,2021-06-29,-11.0,24.0,-8.0,-7.0,-14.0,9.0
180,CO,Colombia,,,,,,ChIJo5QVrjqkFY4RQKPy7wSaDZo,2021-06-30,-4.0,31.0,-4.0,-4.0,-15.0,8.0
181,CO,Colombia,,,,,,ChIJo5QVrjqkFY4RQKPy7wSaDZo,2021-07-01,-1.0,38.0,0.0,-2.0,-15.0,8.0
182,CO,Colombia,,,,,,ChIJo5QVrjqkFY4RQKPy7wSaDZo,2021-07-02,-1.0,40.0,-1.0,4.0,-8.0,8.0
183,CO,Colombia,,,,,,ChIJo5QVrjqkFY4RQKPy7wSaDZo,2021-07-03,-3.0,34.0,-1.0,15.0,7.0,3.0
184,CO,Colombia,,,,,,ChIJo5QVrjqkFY4RQKPy7wSaDZo,2021-07-04,0.0,25.0,10.0,20.0,10.0,2.0
185,CO,Colombia,,,,,,ChIJo5QVrjqkFY4RQKPy7wSaDZo,2021-07-05,-15.0,15.0,-1.0,-27.0,-62.0,14.0
186,CO,Colombia,,,,,,ChIJo5QVrjqkFY4RQKPy7wSaDZo,2021-07-06,-5.0,35.0,-2.0,4.0,-9.0,8.0
187,CO,Colombia,,,,,,ChIJo5QVrjqkFY4RQKPy7wSaDZo,2021-07-07,-5.0,29.0,0.0,1.0,-13.0,8.0
188,CO,Colombia,,,,,,ChIJo5QVrjqkFY4RQKPy7wSaDZo,2021-07-08,-6.0,29.0,-1.0,0.0,-13.0,9.0
189,CO,Colombia,,,,,,ChIJo5QVrjqkFY4RQKPy7wSaDZo,2021-07-09,-9.0,26.0,-10.0,2.0,-6.0,9.0
190,CO,Colombia,,,,,,ChIJo5QVrjqkFY4RQKPy7wSaDZo,2021-07-10,-4.0,29.0,-5.0,13.0,12.0,5.0
191,CO,Colombia,,,,,,ChIJo5QVrjqkFY4RQKPy7wSaDZo,2021-07-11,-6.0,20.0,-2.0,16.0,15.0,5.0
192,CO,Colombia,,,,,,ChIJo5QVrjqkFY4RQKPy7wSaDZo,2021-07-12,-8.0,28.0,-7.0,1.0,-10.0,9.0
193,CO,Colombia,,,,,,ChIJo5QVrjqkFY4RQKPy7wSaDZo,2021-07-13,-8.0,27.0,-5.0,2.0,-9.0,9.0
194,CO,Colombia,,,,,,ChIJo5QVrjqkFY4RQKPy7wSaDZo,2021-07-14,-7.0,22.0,-4.0,0.0,-10.0,8.0
195,CO,Colombia,,,,,,ChIJo5QVrjqkFY4RQKPy7wSaDZo,2021-07-15,-2.0,33.0,2.0,1.0,-9.0,8.0
196,CO,Colombia,,,,,,ChIJo5QVrjqkFY4RQKPy7wSaDZo,2021-07-16,-1.0,36.0,0.0,7.0,-2.0,7.0
197,CO,Colombia,,,,,,ChIJo5QVrjqkFY4RQKPy7wSaDZo,2021-07-17,1.0,34.0,2.0,19.0,13.0,3.0
198,CO,Colombia,,,,,,ChIJo5QVrjqkFY4RQKPy7wSaDZo,2021-07-18,-3.0,22.0,1.0,20.0,17.0,3.0
199,CO,Colombia,,,,,,ChIJo5QVrjqkFY4RQKPy7wSaDZo,2021-07-19,0.0,35.0,2.0,2.0,-12.0,7.0
200,CO,Colombia,,,,,,ChIJo5QVrjqkFY4RQKPy7wSaDZo,2021-07-20,-24.0,8.0,-7.0,-36.0,-58.0,21.0
201,CO,Colombia,,,,,,ChIJo5QVrjqkFY4RQKPy7wSaDZo,2021-07-21,-7.0,26.0,-3.0,2.0,-8.0,7.0
202,CO,Colombia,,,,,,ChIJo5QVrjqkFY4RQKPy7wSaDZo,2021-07-22,-6.0,27.0,-2.0,1.0,-8.0,8.0
203,CO,Colombia,,,,,,ChIJo5QVrjqkFY4RQKPy7wSaDZo,2021-07-23,-6.0,28.0,-5.0,4.0,0.0,8.0
204,CO,Colombia,,,,,,ChIJo5QVrjqkFY4RQKPy7wSaDZo,2021-07-24,-5.0,24.0,-9.0,12.0,15.0,5.0
205,CO,Colombia,,,,,,ChIJo5QVrjqkFY4RQKPy7wSaDZo,2021-07-25,-11.0,14.0,-12.0,12.0,16.0,6.0
206,CO,Colombia,,,,,,ChIJo5QVrjqkFY4RQKPy7wSaDZo,2021-07-26,-7.0,27.0,-8.0,3.0,-5.0,8.0
207,CO,Colombia,,,,,,ChIJo5QVrjqkFY4RQKPy7wSaDZo,2021-07-27,-6.0,28.0,-4.0,5.0,-4.0,9.0
208,CO,Colombia,,,,,,ChIJo5QVrjqkFY4RQKPy7wSaDZo,2021-07-28,-5.0,26.0,-2.0,3.0,-6.0,8.0
209,CO,Colombia,,,,,,ChIJo5QVrjqkFY4RQKPy7wSaDZo,2021-07-29,-4.0,28.0,-1.0,1.0,-6.0,8.0
210,CO,Colombia,,,,,,ChIJo5QVrjqkFY4RQKPy7wSaDZo,2021-07-30,0.0,36.0,-2.0,6.0,2.0,7.0
211,CO,Colombia,,,,,,ChIJo5QVrjqkFY4RQKPy7wSaDZo,2021-07-31,9.0,45.0,7.0,24.0,17.0,2.0
212,CO,Colombia,,,,,,ChIJo5QVrjqkFY4RQKPy7wSaDZo,2021-08-01,4.0,34.0,5.0,25.0,19.0,2.0
213,CO,Colombia,,,,,,ChIJo5QVrjqkFY4RQKPy7wSaDZo,2021-08-02,0.0,39.0,-2.0,7.0,-3.0,7.0
214,CO,Colombia,,,,,,ChIJo5QVrjqkFY4RQKPy7wSaDZo,2021-08-03,-1.0,37.0,0.0,8.0,-3.0,8.0
215,CO,Colombia,,,,,,ChIJo5QVrjqkFY4RQKPy7wSaDZo,2021-08-04,-1.0,32.0,1.0,5.0,-4.0,7.0
216,CO,Colombia,,,,,,ChIJo5QVrjqkFY4RQKPy7wSaDZo,2021-08-05,0.0,34.0,3.0,4.0,-4.0,7.0
217,CO,Colombia,,,,,,ChIJo5QVrjqkFY4RQKPy7wSaDZo,2021-08-06,3.0,38.0,3.0,10.0,2.0,6.0
218,CO,Colombia,,,,,,ChIJo5QVrjqkFY4RQKPy7wSaDZo,2021-08-07,-4.0,26.0,2.0,2.0,-17.0,7.0
219,CO,Colombia,,,,,,ChIJo5QVrjqkFY4RQKPy7wSaDZo,2021-08-08,-4.0,19.0,-1.0,17.0,15.0,3.0
220,CO,Colombia,,,,,,ChIJo5QVrjqkFY4RQKPy7wSaDZo,2021-08-09,-2.0,33.0,-2.0,9.0,-2.0,7.0
221,CO,Colombia,,,,,,ChIJo5QVrjqkFY4RQKPy7wSaDZo,2021-08-10,-3.0,32.0,-1.0,11.0,-1.0,8.0
222,CO,Colombia,,,,,,ChIJo5QVrjqkFY4RQKPy7wSaDZo,2021-08-11,-4.0,26.0,-1.0,7.0,-3.0,7.0
223,CO,Colombia,,,,,,ChIJo5QVrjqkFY4RQKPy7wSaDZo,2021-08-12,-4.0,27.0,-2.0,4.0,-4.0,7.0
224,CO,Colombia,,,,,,ChIJo5QVrjqkFY4RQKPy7wSaDZo,2021-08-13,0.0,34.0,-1.0,12.0,3.0,6.0
225,CO,Colombia,,,,,,ChIJo5QVrjqkFY4RQKPy7wSaDZo,2021-08-14,1.0,32.0,0.0,24.0,13.0,2.0
226,CO,Colombia,,,,,,ChIJo5QVrjqkFY4RQKPy7wSaDZo,2021-08-15,5.0,26.0,15.0,23.0,15.0,2.0
227,CO,Colombia,,,,,,ChIJo5QVrjqkFY4RQKPy7wSaDZo,2021-08-16,-13.0,15.0,0.0,-24.0,-61.0,13.0
228,CO,Colombia,,,,,,ChIJo5QVrjqkFY4RQKPy7wSaDZo,2021-08-17,-2.0,37.0,0.0,17.0,-1.0,6.0
229,CO,Colombia,,,,,,ChIJo5QVrjqkFY4RQKPy7wSaDZo,2021-08-18,-3.0,30.0,0.0,10.0,0.0,7.0
230,CO,Colombia,,,,,,ChIJo5QVrjqkFY4RQKPy7wSaDZo,2021-08-19,-6.0,25.0,-6.0,5.0,-1.0,8.0
231,CO,Colombia,,,,,,ChIJo5QVrjqkFY4RQKPy7wSaDZo,2021-08-20,-3.0,30.0,-5.0,11.0,6.0,7.0
232,CO,Colombia,,,,,,ChIJo5QVrjqkFY4RQKPy7wSaDZo,2021-08-21,4.0,34.0,1.0,21.0,19.0,3.0
233,CO,Colombia,,,,,,ChIJo5QVrjqkFY4RQKPy7wSaDZo,2021-08-22,1.0,24.0,4.0,21.0,20.0,4.0
234,CO,Colombia,,,,,,ChIJo5QVrjqkFY4RQKPy7wSaDZo,2021-08-23,-5.0,28.0,-6.0,9.0,1.0,7.0
235,CO,Colombia,,,,,,ChIJo5QVrjqkFY4RQKPy7wSaDZo,2021-08-24,-7.0,25.0,-6.0,10.0,2.0,8.0
236,CO,Colombia,,,,,,ChIJo5QVrjqkFY4RQKPy7wSaDZo,2021-08-25,-4.0,26.0,-3.0,8.0,0.0,7.0
237,CO,Colombia,,,,,,ChIJo5QVrjqkFY4RQKPy7wSaDZo,2021-08-26,-4.0,28.0,-2.0,1.0,-2.0,8.0
238,CO,Colombia,,,,,,ChIJo5QVrjqkFY4RQKPy7wSaDZo,2021-08-27,0.0,33.0,-1.0,10.0,8.0,6.0
239,CO,Colombia,,,,,,ChIJo5QVrjqkFY4RQKPy7wSaDZo,2021-08-28,4.0,35.0,2.0,20.0,19.0,3.0
240,CO,Colombia,,,,,,ChIJo5QVrjqkFY4RQKPy7wSaDZo,2021-08-29,-2.0,22.0,-1.0,18.0,19.0,3.0
241,CO,Colombia,,,,,,ChIJo5QVrjqkFY4RQKPy7wSaDZo,2021-08-30,-3.0,32.0,-7.0,10.0,2.0,7.0
242,CO,Colombia,,,,,,ChIJo5QVrjqkFY4RQKPy7wSaDZo,2021-08-31,0.0,39.0,-2.0,12.0,4.0,7.0
243,CO,Colombia,,,,,,ChIJo5QVrjqkFY4RQKPy7wSaDZo,2021-09-01,3.0,40.0,2.0,10.0,1.0,6.0
